id,customer_id,age,gender,prefecture,feedback_rating,sentiment_score,total_spend,room_bookings,room_spend,restaurant_visits,restaurant_spend,pool_uses,breakfast_uses,target
1,c_455841,29,M,23,1,1,64288,4,59000,1,5288,2,0,7
2,c_119482,40,M,40,5,1,66830,4,56000,2,10830,3,0,10
3,c_619062,22,F,40,3,-1,76421,5,65000,2,11421,1,0,10
4,c_885088,38,M,23,2,-1,19908,1,14000,1,5908,0,0,7
5,c_260773,40,M,13,5,0,53666,2,32000,4,21666,0,0,7
6,c_456102,32,F,13,4,1,60140,3,49000,2,11140,0,3,9
7,c_317364,16,M,1,2,1,56000,5,56000,0,0,4,1,7
8,c_506379,37,M,13,4,1,26536,1,11000,3,15536,0,0,9
9,c_244171,40,F,27,2,-1,76475,5,70000,1,6475,2,2,7
10,c_676628,59,F,13,3,1,60275,3,44000,3,16275,0,1,8
11,c_650887,68,M,1,5,0,57578,5,52000,1,5578,3,1,8
12,c_589338,28,M,1,5,-1,30539,1,25000,1,5539,1,0,5
13,c_089352,18,F,1,4,1,28751,1,18000,2,10751,0,0,8
14,c_363882,30,M,40,2,0,68782,4,53000,3,15782,1,0,4
15,c_321580,44,F,23,2,0,18769,1,13000,1,5769,0,1,2
16,c_433076,49,M,1,5,1,46000,4,46000,0,0,0,1,10
17,c_390616,64,M,27,1,1,34000,3,34000,0,0,0,1,4
18,c_172304,51,M,23,3,0,31230,2,26000,1,5230,0,0,4
19,c_051384,22,M,27,4,0,50423,3,39000,2,11423,1,1,6
20,c_305766,27,F,13,1,0,75127,5,65000,2,10127,1,5,3
21,c_253932,32,M,27,5,-1,67475,4,57000,2,10475,4,1,10
22,c_330614,40,F,13,1,0,47146,2,31000,3,16146,0,1,2
23,c_538665,42,F,23,1,0,58269,3,48000,2,10269,0,0,3
24,c_538588,62,F,13,1,0,76278,5,60000,3,16278,1,0,3
25,c_073854,60,F,13,3,1,25923,1,20000,1,5923,0,1,7
26,c_400478,38,M,1,4,0,53821,3,33000,4,20821,0,0,6
27,c_711751,68,F,40,1,-1,66167,5,60000,1,6167,1,3,6
28,c_626561,52,F,1,2,-1,69662,5,53000,3,16662,2,3,4
29,c_821599,49,M,27,2,0,44181,2,38000,1,6181,2,0,4
30,c_617682,71,M,27,2,1,47313,4,41000,1,6313,3,1,6
31,c_227870,47,F,23,5,-1,38128,1,27000,2,11128,0,1,8
32,c_617550,15,M,27,4,-1,17000,1,17000,0,0,1,0,6
33,c_116215,36,M,23,4,0,64762,4,54000,2,10762,2,1,7
34,c_582581,48,M,1,3,-1,35515,3,30000,1,5515,1,0,3
35,c_504723,57,M,40,3,0,50000,5,50000,0,0,2,0,5
36,c_320577,54,M,23,2,-1,40744,2,35000,1,5744,2,0,2
37,c_527366,68,M,23,4,0,19000,1,19000,0,0,1,0,5
38,c_884302,56,M,1,1,0,49000,4,49000,0,0,4,1,3
39,c_898796,20,M,1,1,0,31000,3,31000,0,0,3,0,2
40,c_872746,71,F,27,2,-1,54478,3,38000,3,16478,1,3,4
41,c_732934,45,F,40,5,0,36625,2,26000,2,10625,0,2,7
42,c_673830,61,F,13,1,1,44312,2,29000,3,15312,0,2,5
43,c_304898,21,M,1,2,0,46581,4,40000,1,6581,4,1,4
44,c_005348,65,M,13,1,0,44000,3,44000,0,0,2,0,3
45,c_445163,57,M,27,3,0,58795,4,53000,1,5795,4,1,5
46,c_170927,15,M,1,4,-1,40000,3,40000,0,0,3,0,8
47,c_609595,66,F,1,3,-1,56226,3,46000,2,10226,0,1,4
48,c_716817,43,M,23,4,1,78682,5,68000,2,10682,1,0,10
49,c_732387,46,M,13,2,0,40000,3,40000,0,0,2,1,4
50,c_392012,48,M,27,3,1,37008,3,31000,1,6008,0,1,7
51,c_226305,72,M,13,5,0,20000,2,20000,0,0,2,0,6
52,c_699359,68,F,1,2,1,36011,2,21000,3,15011,1,0,5
53,c_645021,59,F,40,1,-1,65905,4,50000,3,15905,0,4,4
54,c_584860,59,F,1,3,0,57799,3,41000,3,16799,0,1,5
55,c_169940,30,M,27,2,-1,62153,5,51000,2,11153,4,0,8
56,c_779657,28,M,1,4,0,35868,2,30000,1,5868,1,0,6
57,c_833170,20,F,1,2,1,61207,4,55000,1,6207,2,4,8
58,c_317868,37,M,1,5,1,56277,4,46000,2,10277,2,0,10
59,c_543759,21,F,13,5,1,35650,2,29000,1,6650,1,1,9
60,c_165743,54,M,27,2,0,42000,3,42000,0,0,2,0,4
61,c_890438,68,F,13,2,1,46814,2,31000,3,15814,0,2,7
62,c_036658,53,M,13,2,-1,86786,5,70000,3,16786,0,1,6
63,c_384215,66,M,27,2,1,25000,2,25000,0,0,1,0,7
64,c_328149,45,M,27,3,-1,40865,2,25000,3,15865,1,0,5
65,c_136980,65,F,1,1,-1,46881,2,30000,3,16881,0,0,2
66,c_329109,44,M,40,5,-1,23233,1,12000,2,11233,0,0,6
67,c_281397,15,M,1,4,-1,60000,4,60000,0,0,1,1,9
68,c_339566,55,F,1,3,-1,35735,1,19000,3,16735,0,1,6
69,c_710566,45,F,27,3,0,55866,3,44000,2,11866,0,3,5
70,c_814444,33,F,27,5,1,45799,2,30000,3,15799,0,1,10
71,c_488716,61,F,27,5,0,55949,3,40000,3,15949,1,0,7
72,c_038634,46,M,1,4,1,59000,5,59000,0,0,4,0,10
73,c_736901,72,M,13,1,-1,29487,2,24000,1,5487,1,0,3
74,c_171215,54,M,1,1,1,13000,1,13000,0,0,0,0,5
75,c_685733,60,F,13,1,0,25887,1,10000,3,15887,0,0,1
76,c_444503,45,F,23,3,-1,57761,4,52000,1,5761,0,0,6
77,c_604778,57,M,40,2,1,37360,3,32000,1,5360,2,0,7
78,c_310513,29,F,40,1,0,52587,3,47000,1,5587,0,2,3
79,c_232780,30,F,40,4,0,39079,2,33000,1,6079,0,0,6
80,c_580374,68,F,23,5,-1,78977,5,67000,2,11977,2,2,10
81,c_403159,32,M,13,4,0,27922,2,22000,1,5922,1,0,5
82,c_681184,59,F,40,4,0,65829,4,49000,3,16829,0,4,6
83,c_043553,67,M,23,5,1,40000,4,40000,0,0,1,0,10
84,c_610338,42,M,40,4,0,71530,5,51000,4,20530,0,0,6
85,c_606508,42,F,1,5,1,53451,4,47000,1,6451,0,4,10
86,c_044801,16,F,1,1,1,34217,1,23000,2,11217,0,1,5
87,c_851057,32,F,13,4,1,69466,5,54000,3,15466,1,4,9
88,c_009906,28,M,27,3,1,42029,2,31000,2,11029,1,0,7
89,c_866305,56,M,23,1,1,68934,4,58000,2,10934,3,1,6
90,c_435029,64,M,27,1,1,75596,5,70000,1,5596,2,1,7
91,c_692342,68,M,23,3,1,32000,2,32000,0,0,1,0,8
92,c_607516,34,M,40,5,1,48807,3,33000,3,15807,3,1,10
93,c_350257,68,M,1,4,0,39000,2,39000,0,0,0,0,6
94,c_836625,29,F,13,1,-1,34123,1,19000,3,15123,0,1,3
95,c_301078,63,M,23,5,1,56000,4,56000,0,0,0,1,10
96,c_737210,21,F,23,2,0,31545,1,21000,2,10545,0,1,3
97,c_542959,28,M,1,3,1,38064,3,32000,1,6064,1,0,8
98,c_591084,50,F,23,5,-1,53006,3,43000,2,10006,0,0,10
99,c_184826,51,F,27,3,0,27978,1,16000,2,11978,0,1,4
100,c_471628,72,F,1,2,0,42293,2,27000,3,15293,1,2,3
101,c_270481,32,M,27,1,-1,67195,4,51000,3,16195,3,0,4
102,c_876593,65,M,40,4,0,48000,3,48000,0,0,1,1,6
103,c_632452,57,M,40,2,-1,35507,3,30000,1,5507,3,0,2
104,c_041151,55,F,23,1,1,72073,5,66000,1,6073,2,1,6
105,c_420463,19,M,27,5,1,58000,5,58000,0,0,1,1,10
106,c_306189,69,F,40,1,0,36355,1,20000,3,16355,0,0,2
107,c_715001,72,F,27,1,-1,53238,4,43000,2,10238,2,4,3
108,c_274499,62,M,27,5,-1,54000,5,54000,0,0,3,1,10
109,c_897067,54,M,40,1,-1,39000,2,39000,0,0,0,0,3
110,c_224001,42,M,23,1,0,50726,1,30000,4,20726,0,0,2
111,c_061958,17,F,23,1,-1,41455,3,30000,2,11455,0,2,5
112,c_781149,37,M,40,2,-1,47779,4,42000,1,5779,3,0,6
113,c_093244,66,M,27,3,1,68631,4,57000,2,11631,3,0,9
114,c_889648,19,F,1,1,0,60937,4,54000,1,6937,1,3,3
115,c_371950,30,M,23,2,1,33281,1,22000,2,11281,0,0,5
116,c_824357,50,F,40,4,-1,63626,5,53000,2,10626,1,1,9
117,c_467586,28,M,23,3,0,42193,3,32000,2,10193,0,0,4
118,c_160268,44,F,23,4,1,41410,2,35000,1,6410,1,2,8
119,c_535242,67,M,23,2,-1,18350,1,12000,1,6350,0,0,6
120,c_492526,70,F,23,5,1,71283,5,56000,3,15283,2,3,10
121,c_197564,16,M,1,5,-1,67000,5,67000,0,0,5,1,10
122,c_893292,36,F,1,2,-1,40473,1,30000,2,10473,0,0,7
123,c_601831,17,M,40,1,1,38693,2,33000,1,5693,1,0,5
124,c_657467,21,M,27,2,1,33000,3,33000,0,0,3,0,6
125,c_092045,36,F,40,4,1,60186,5,50000,2,10186,0,4,9
126,c_738419,71,F,13,4,1,85269,5,70000,3,15269,2,0,10
127,c_673888,68,F,13,5,-1,64447,5,54000,2,10447,1,3,10
128,c_632804,21,M,23,1,0,52000,4,52000,0,0,3,0,3
129,c_237292,56,F,13,5,-1,46853,1,30000,3,16853,0,0,9
130,c_475701,31,M,40,4,1,73881,4,52000,4,21881,0,1,9
131,c_468207,63,F,23,2,-1,37280,2,27000,2,10280,0,0,7
132,c_196816,33,M,23,5,1,38626,3,33000,1,5626,3,0,10
133,c_066966,65,M,40,3,-1,24000,2,24000,0,0,2,0,5
134,c_024334,72,F,27,1,0,72156,5,56000,3,16156,2,5,3
135,c_022883,44,F,13,5,-1,51660,4,45000,1,6660,1,1,9
136,c_330436,31,M,40,1,1,59315,4,49000,2,10315,1,1,6
137,c_595039,32,F,23,3,0,58190,5,52000,1,6190,1,3,5
138,c_353958,38,F,27,1,0,46374,2,30000,3,16374,0,0,2
139,c_802915,22,F,23,1,0,29000,2,29000,0,0,0,1,2
140,c_079224,30,M,1,5,0,57000,5,57000,0,0,5,1,8
141,c_034004,63,M,40,1,0,35000,3,35000,0,0,0,1,2
142,c_097836,21,F,13,2,1,35000,2,35000,0,0,1,0,6
143,c_488518,68,F,13,5,0,76619,5,66000,2,10619,2,5,8
144,c_374094,57,F,1,3,0,47344,2,32000,3,15344,0,2,4
145,c_118782,39,F,27,3,1,30449,2,20000,2,10449,0,1,7
146,c_470043,19,F,27,4,0,40253,2,35000,1,5253,0,1,6
147,c_071772,62,M,13,5,-1,53000,4,53000,0,0,1,1,9
148,c_113689,31,F,40,3,1,68857,5,58000,2,10857,0,2,9
149,c_625831,16,F,27,5,-1,45360,2,34000,2,11360,0,2,10
150,c_005957,33,F,13,1,-1,41000,3,41000,0,0,1,3,6
151,c_761385,46,M,27,5,0,48000,4,48000,0,0,1,1,8
152,c_145756,23,F,1,3,0,51359,3,46000,1,5359,0,0,5
153,c_501732,29,F,40,1,-1,40075,1,29000,2,11075,0,0,3
154,c_179403,34,M,23,2,1,54220,4,44000,2,10220,4,1,7
155,c_232239,28,M,40,4,0,46206,3,36000,2,10206,1,1,6
156,c_406843,60,F,40,4,-1,64805,5,54000,2,10805,2,4,8
157,c_112489,20,M,40,5,0,44000,3,44000,0,0,0,0,7
158,c_034709,64,M,13,4,1,53279,4,48000,1,5279,2,1,10
159,c_038743,30,M,1,2,0,44761,3,38000,1,6761,0,1,4
160,c_562606,49,M,27,2,1,26339,1,20000,1,6339,0,0,5
161,c_772463,55,M,23,3,1,52000,4,52000,0,0,4,1,8
162,c_341951,52,M,40,4,0,45000,3,45000,0,0,1,1,6
163,c_222871,61,F,23,2,0,39693,2,24000,3,15693,1,0,3
164,c_003154,72,M,13,1,0,63000,5,63000,0,0,0,0,3
165,c_241134,24,F,27,2,-1,70394,4,55000,3,15394,0,1,7
166,c_393043,41,F,27,1,-1,55339,4,50000,1,5339,1,0,5
167,c_589702,72,M,40,5,1,36000,2,36000,0,0,0,0,10
168,c_470683,25,F,23,1,0,74726,5,63000,2,11726,0,3,3
169,c_486608,52,F,40,5,-1,31417,2,21000,2,10417,1,1,6
170,c_023991,15,M,40,4,-1,38000,2,38000,0,0,0,0,7
171,c_871791,50,F,40,1,0,46697,2,31000,3,15697,0,2,2
172,c_726221,33,M,23,5,-1,14000,1,14000,0,0,1,0,8
173,c_063348,29,M,40,4,1,19859,1,13000,1,6859,0,0,8
174,c_379891,34,F,1,1,-1,36770,2,31000,1,5770,0,2,4
175,c_566626,21,M,40,4,1,31000,3,31000,0,0,3,0,9
176,c_609386,61,M,40,5,0,45000,3,45000,0,0,1,1,7
177,c_875456,71,M,23,2,0,57000,5,57000,0,0,4,0,4
178,c_456842,32,M,13,5,1,30022,2,20000,2,10022,1,0,9
179,c_236388,45,M,23,4,-1,55000,5,55000,0,0,0,1,10
180,c_472839,50,M,23,4,-1,44000,4,44000,0,0,3,1,5
181,c_028487,46,F,40,2,0,54793,2,38000,3,16793,1,1,4
182,c_776974,44,F,1,1,-1,69149,5,64000,1,5149,2,5,6
183,c_152812,30,M,1,4,0,76120,5,56000,4,20120,4,1,7
184,c_047481,66,F,23,3,1,55367,4,40000,3,15367,1,1,7
185,c_666471,26,F,40,3,-1,57501,4,51000,1,6501,2,4,8
186,c_787877,45,F,40,1,-1,39602,2,33000,1,6602,0,0,1
187,c_745163,47,F,13,4,1,43552,2,28000,3,15552,1,2,8
188,c_001653,66,F,13,5,0,68252,4,53000,3,15252,0,3,8
189,c_405029,15,M,23,5,-1,54000,4,54000,0,0,2,1,10
190,c_805094,33,M,13,2,0,44149,3,38000,1,6149,2,1,4
191,c_645306,31,F,40,2,1,76038,5,70000,1,6038,1,5,8
192,c_693775,22,M,23,1,1,35227,1,30000,1,5227,1,0,6
193,c_558171,45,M,23,5,1,33983,2,22000,2,11983,2,0,9
194,c_655075,45,M,13,3,-1,33272,2,28000,1,5272,0,0,6
195,c_067519,33,M,27,1,0,52838,4,41000,2,11838,1,1,2
196,c_642161,62,M,27,5,1,57000,4,57000,0,0,2,0,10
197,c_867885,58,F,23,2,1,44125,2,34000,2,10125,0,2,6
198,c_294336,50,F,40,5,0,84227,5,68000,3,16227,1,1,8
199,c_739119,59,F,27,2,0,83064,5,67000,3,16064,0,0,5
200,c_698725,52,F,40,1,1,55457,2,40000,3,15457,1,2,5
201,c_331181,55,M,23,3,1,57000,5,57000,0,0,3,0,9
202,c_025779,51,M,1,4,1,43000,4,43000,0,0,3,0,10
203,c_774613,20,M,40,1,1,25000,2,25000,0,0,1,0,5
204,c_386054,59,F,13,1,1,40329,1,29000,2,11329,0,1,5
205,c_184624,61,F,40,1,1,65889,4,54000,2,11889,1,3,7
206,c_227918,33,M,23,2,1,39117,1,24000,3,15117,0,0,7
207,c_715049,44,F,27,5,1,67087,5,52000,3,15087,0,5,10
208,c_118462,15,F,1,2,1,49000,4,49000,0,0,2,0,8
209,c_370620,22,M,13,2,0,30000,3,30000,0,0,3,1,3
210,c_627775,59,F,27,1,1,40928,2,25000,3,15928,0,1,5
211,c_703999,31,F,23,4,1,58378,3,42000,3,16378,0,0,9
212,c_782487,62,F,13,1,0,64043,3,48000,3,16043,1,2,3
213,c_174175,27,F,13,2,0,35930,2,24000,2,11930,0,2,3
214,c_048396,23,F,40,5,-1,47271,3,37000,2,10271,0,2,5
215,c_480308,24,M,40,2,1,45862,2,34000,2,11862,0,0,7
216,c_551981,49,M,40,4,0,51000,4,51000,0,0,1,1,6
217,c_789433,51,M,13,5,1,20000,2,20000,0,0,0,0,9
218,c_218539,63,M,27,1,0,52837,4,47000,1,5837,4,0,3
219,c_663542,52,F,27,2,-1,39601,1,24000,3,15601,0,0,4
220,c_476678,62,F,13,1,0,40020,1,25000,3,15020,0,1,2
221,c_898689,44,F,23,1,1,69744,5,58000,2,11744,1,1,6
222,c_844806,46,F,40,3,0,38867,1,23000,3,15867,0,1,4
223,c_069163,39,M,13,4,-1,66202,5,61000,1,5202,3,0,5
224,c_193334,62,M,1,1,0,20782,1,15000,1,5782,1,0,1
225,c_540774,43,F,40,5,0,65010,4,59000,1,6010,2,0,8
226,c_366907,48,F,1,4,1,57434,4,41000,3,16434,1,4,9
227,c_694221,43,M,13,4,0,34823,1,18000,3,16823,1,0,5
228,c_080637,55,F,40,1,1,76587,5,66000,2,10587,2,4,6
229,c_607228,24,F,1,3,0,71958,5,55000,3,16958,0,0,5
230,c_362064,45,F,23,5,1,68131,5,57000,2,11131,1,5,10
231,c_616098,24,M,13,4,1,48928,2,28000,4,20928,1,0,8
232,c_031650,22,F,27,5,1,52111,4,41000,2,11111,1,2,10
233,c_011270,68,M,40,4,0,41000,3,41000,0,0,3,0,6
234,c_408512,57,M,13,5,-1,75323,5,70000,1,5323,0,1,10
235,c_662463_235,66,F,40,5,1,67245,5,51000,3,16245,1,2,10
236,c_804518,34,F,23,4,1,78268,5,67000,2,11268,1,0,10
237,c_425257,29,F,27,5,0,40261,1,24000,3,16261,0,0,7
238,c_586199,28,M,40,4,0,61519,4,46000,3,15519,3,0,6
239,c_138082,15,F,1,1,1,47462,2,31000,3,16462,1,0,4
240,c_443357,36,F,1,5,1,70263,5,59000,2,11263,0,3,10
241,c_464945,69,F,40,5,1,47357,3,31000,3,16357,1,2,9
242,c_395674,15,M,40,3,1,50000,3,50000,0,0,0,0,9
243,c_732309,16,M,27,3,0,60826,5,54000,1,6826,0,1,5
244,c_784311,44,F,23,2,0,17372,1,12000,1,5372,0,0,2
245,c_614877,34,M,40,1,-1,24373,1,18000,1,6373,1,0,4
246,c_051184,45,M,23,4,-1,74576,5,59000,3,15576,3,0,9
247,c_245716,61,M,23,5,1,22000,1,22000,0,0,0,0,9
248,c_521706,31,F,13,5,0,45956,1,30000,3,15956,0,0,7
249,c_633354,38,M,40,3,1,48455,3,42000,1,6455,0,0,7
250,c_542823,68,M,23,2,1,50000,3,50000,0,0,0,1,7
251,c_777971,68,M,27,5,1,45129,3,40000,1,5129,3,1,9
252,c_358691,20,M,27,1,-1,61000,5,61000,0,0,4,1,3
253,c_242960,19,F,1,3,0,79773,5,63000,3,16773,1,3,6
254,c_501504,28,F,23,1,1,59609,4,49000,2,10609,0,1,6
255,c_625707,52,F,1,1,1,32855,1,21000,2,11855,0,1,5
256,c_493292,39,M,40,5,0,54784,4,49000,1,5784,4,0,8
257,c_608346,60,M,13,4,-1,37000,2,37000,0,0,2,0,9
258,c_175399,25,M,40,1,1,22955,1,17000,1,5955,0,0,5
259,c_182850,47,F,23,5,0,39509,2,24000,3,15509,0,1,7
260,c_586293,33,F,1,3,-1,75827,5,59000,3,16827,0,2,5
261,c_368933,55,M,40,4,1,42000,4,42000,0,0,3,0,9
262,c_212302,70,M,40,4,0,34000,3,34000,0,0,0,1,6
263,c_118886,18,M,23,3,-1,60000,4,60000,0,0,1,1,7
264,c_049819,48,M,23,1,-1,30947,2,25000,1,5947,2,0,4
265,c_227885,57,F,40,3,1,66614,4,56000,2,10614,1,0,8
266,c_126681,66,F,13,2,1,26322,1,10000,3,16322,0,1,6
267,c_564671,25,F,27,5,0,77858,5,66000,2,11858,2,0,8
268,c_401200,51,F,13,1,-1,59998,4,54000,1,5998,2,1,3
269,c_498531,49,F,27,4,0,61977,3,45000,3,16977,0,2,6
270,c_055136,60,M,1,2,0,11000,1,11000,0,0,1,0,2
271,c_741555,53,F,1,4,1,40222,1,24000,3,16222,0,0,8
272,c_181811,19,F,27,2,-1,49309,2,38000,2,11309,0,0,2
273,c_095702,62,M,40,3,0,44000,4,44000,0,0,3,1,5
274,c_230707,32,F,1,3,1,33643,2,22000,2,11643,0,1,7
275,c_886680,45,F,40,4,1,32487,1,21000,2,11487,0,1,8
276,c_012378,51,M,40,1,0,41000,4,41000,0,0,2,0,2
277,c_651044,54,M,13,2,0,28000,2,28000,0,0,1,0,3
278,c_321654,56,M,40,1,1,71950,5,61000,2,10950,1,0,7
279,c_194903,29,F,27,4,1,64258,5,53000,2,11258,0,4,10
280,c_596471,53,M,40,5,0,45000,4,45000,0,0,4,1,7
281,c_443509,57,M,1,1,0,62324,5,56000,1,6324,3,0,3
282,c_343098,27,M,1,4,-1,69115,4,49000,4,20115,0,1,8
283,c_697796,19,M,40,5,-1,57000,4,57000,0,0,0,1,7
284,c_821902,64,F,23,2,-1,51230,3,36000,3,15230,1,0,6
285,c_097488,16,F,1,1,1,64866,4,54000,2,10866,2,3,6
286,c_030372,49,F,1,3,1,63008,3,48000,3,15008,1,0,8
287,c_058298,51,F,27,1,1,50868,2,39000,2,11868,1,0,6
288,c_802963,70,M,27,3,1,17000,1,17000,0,0,0,0,7
289,c_804109,43,F,1,1,0,73549,5,62000,2,11549,1,0,3
290,c_686561,63,F,1,4,1,69265,4,59000,2,10265,1,2,10
291,c_881786,30,F,23,2,-1,19000,1,19000,0,0,0,0,4
292,c_564261,46,F,23,2,0,63511,4,47000,3,16511,0,0,4
293,c_789848,26,M,1,3,-1,65520,3,49000,3,16520,0,0,8
294,c_881281,41,M,27,3,0,64989,5,54000,2,10989,3,1,5
295,c_667257,37,F,23,4,1,33954,2,22000,2,11954,1,1,8
296,c_816457,27,M,27,4,0,54045,4,43000,2,11045,1,0,6
297,c_401524,26,M,23,5,0,66633,5,60000,1,6633,2,0,8
298,c_069136,52,F,1,4,1,48792,3,32000,3,16792,1,1,8
299,c_578052,57,M,40,1,0,51000,4,51000,0,0,3,1,3
300,c_749852,60,F,23,3,0,57900,4,46000,2,11900,0,3,5
301,c_720223,23,M,1,4,0,28999,1,22000,1,6999,0,0,5
302,c_141900,72,F,1,1,1,35692,1,19000,3,16692,0,1,4
303,c_806113,43,F,23,4,0,57176,5,52000,1,5176,1,0,7
304,c_359555,69,M,23,2,1,24000,1,24000,0,0,0,0,7
305,c_265564,50,F,27,1,1,52494,3,36000,3,16494,0,0,5
306,c_561578,57,F,40,2,1,37631,1,26000,2,11631,0,0,7
307,c_646603,57,M,13,4,0,47000,3,47000,0,0,2,0,6
308,c_431693,51,F,27,3,-1,62613,4,46000,3,16613,0,2,5
309,c_730087,19,M,23,4,-1,63000,5,63000,0,0,1,0,10
310,c_016439,60,M,27,5,1,58000,4,58000,0,0,0,1,10
311,c_457266,65,F,13,5,-1,58729,3,43000,3,15729,0,0,8
312,c_050684,20,M,1,3,-1,21000,2,21000,0,0,0,0,5
313,c_305679,51,M,23,1,1,49834,3,44000,1,5834,3,0,6
314,c_115878,17,F,23,5,-1,40582,1,25000,3,15582,0,0,10
315,c_750987,65,F,23,1,0,81286,5,66000,3,15286,0,2,4
316,c_275590,17,F,13,2,-1,10000,1,10000,0,0,0,1,6
317,c_446764,58,M,40,4,-1,15791,1,10000,1,5791,0,0,8
318,c_405926,59,M,23,5,-1,20000,2,20000,0,0,2,0,7
319,c_809333,64,M,1,4,-1,63713,4,53000,2,10713,3,1,10
320,c_522621,53,M,40,5,1,76570,4,60000,3,16570,0,0,10
321,c_102563,54,M,27,1,-1,58000,4,58000,0,0,2,0,1
322,c_532400,34,F,13,2,0,40733,2,25000,3,15733,0,0,3
323,c_080606,44,M,40,4,0,35923,2,20000,3,15923,2,0,5
324,c_894118,21,M,27,5,1,48000,4,48000,0,0,4,1,10
325,c_117530,20,F,13,2,0,24981,1,13000,2,11981,0,0,2
326,c_569607,35,F,23,4,0,47552,3,32000,3,15552,0,1,6
327,c_804787,53,F,1,2,-1,47990,3,31000,3,16990,1,3,2
328,c_365689,51,F,27,2,-1,33995,1,17000,3,16995,0,0,4
329,c_774547,62,F,23,3,0,59890,4,44000,3,15890,0,0,5
330,c_333756,64,M,13,4,0,32000,2,32000,0,0,2,0,6
331,c_620431,52,M,40,3,0,40112,2,35000,1,5112,2,0,5
332,c_390017,30,F,40,3,1,71253,4,60000,2,11253,0,0,8
333,c_827070,34,F,23,4,1,73188,5,63000,2,10188,2,2,10
334,c_220635,16,F,13,4,-1,44318,3,33000,2,11318,1,1,8
335,c_678049,54,M,40,3,-1,66000,5,66000,0,0,4,1,5
336,c_048626,62,F,40,3,0,26798,1,20000,1,6798,0,1,4
337,c_127346,38,F,13,2,0,40091,3,34000,1,6091,1,2,3
338,c_025394,41,F,1,2,1,49352,2,38000,2,11352,1,1,6
339,c_416536,28,F,40,4,0,81589,5,66000,3,15589,0,4,7
340,c_289691,41,M,13,4,0,76400,5,60000,3,16400,5,1,7
341,c_133862,35,M,40,3,0,38135,1,27000,2,11135,1,0,4
342,c_116907,62,F,27,1,1,55049,2,39000,3,16049,1,1,5
343,c_219393,44,M,23,3,0,58955,3,47000,2,11955,1,0,5
344,c_574526,71,M,23,3,0,41000,4,41000,0,0,0,0,5
345,c_682176,62,F,23,3,1,67974,4,51000,3,16974,0,3,9
346,c_299638,58,M,23,4,1,49000,4,49000,0,0,2,0,9
347,c_294179,69,M,1,3,0,31000,2,31000,0,0,1,0,4
348,c_474710,39,F,1,2,0,76217,5,65000,2,11217,0,3,5
349,c_557970,25,M,23,4,1,28257,1,18000,2,10257,0,0,7
350,c_633085,21,F,40,1,0,62393,5,52000,2,10393,0,4,3
351,c_442281,20,F,23,2,-1,35177,2,25000,2,10177,0,1,3
352,c_581093,52,F,27,2,0,37324,1,22000,3,15324,0,0,3
353,c_709644,31,M,27,3,1,46969,3,31000,3,15969,2,0,8
354,c_541450,45,M,23,5,-1,59808,4,53000,1,6808,2,1,10
355,c_407992,15,F,13,1,0,74520,5,58000,3,16520,0,4,3
356,c_489995,44,M,40,3,1,59329,3,49000,2,10329,0,1,9
357,c_574837,70,M,23,3,0,69000,5,69000,0,0,5,1,6
358,c_010182,49,F,1,5,1,39526,1,28000,2,11526,0,1,10
359,c_509280,49,M,27,5,0,28000,2,28000,0,0,2,0,7
360,c_670876,31,F,40,4,-1,54919,3,49000,1,5919,1,1,6
361,c_581198,61,M,40,1,-1,63410,5,53000,2,10410,3,1,4
362,c_008215,58,M,23,1,-1,18867,1,12000,1,6867,0,0,4
363,c_247798,27,M,1,4,-1,37895,1,22000,3,15895,1,0,8
364,c_111214,23,M,40,4,1,50180,2,35000,3,15180,0,0,9
365,c_648071,44,M,13,1,0,63622,3,48000,3,15622,1,0,3
366,c_051506,54,F,23,4,0,46291,2,30000,3,16291,1,1,6
367,c_592970,43,F,23,4,-1,52433,4,42000,2,10433,0,3,9
368,c_105604,47,F,27,5,1,82511,5,67000,3,15511,0,0,10
369,c_237412,19,F,1,5,0,45924,3,35000,2,10924,1,3,7
370,c_421298,51,F,27,2,-1,56992,4,41000,3,15992,1,0,3
371,c_208707,22,M,23,3,0,45905,2,34000,2,11905,2,0,5
372,c_307489,71,M,1,2,0,60000,4,60000,0,0,1,1,4
373,c_717818,33,M,27,2,-1,79274,4,58000,4,21274,4,1,5
374,c_736721,32,F,1,5,-1,51718,3,41000,2,10718,1,2,6
375,c_605537,16,M,13,2,-1,39000,2,39000,0,0,1,0,6
376,c_011821,27,F,27,2,0,37863,3,31000,1,6863,0,2,3
377,c_407586,30,M,23,3,0,45249,2,39000,1,6249,0,0,5
378,c_898519,29,M,40,5,0,53623,2,37000,3,16623,2,0,7
379,c_312004,18,M,40,3,0,23000,2,23000,0,0,2,0,4
380,c_073797,59,M,27,4,-1,74867,5,68000,1,6867,3,0,10
381,c_387044,27,F,13,5,0,51276,2,40000,2,11276,0,1,7
382,c_165332,26,F,27,3,-1,68696,4,57000,2,11696,2,2,9
383,c_676212,63,F,13,4,0,31866,2,20000,2,11866,0,2,5
384,c_352875,25,F,13,5,1,46000,3,46000,0,0,1,3,10
385,c_494223,28,F,27,2,1,70126,4,54000,3,16126,2,4,8
386,c_579696,54,F,1,2,0,38282,2,22000,3,16282,0,2,3
387,c_647142,38,F,23,5,-1,41528,2,35000,1,6528,0,1,10
388,c_477405,23,F,40,3,1,48614,2,37000,2,11614,1,0,7
389,c_744419,38,F,27,1,1,57695,4,46000,2,11695,2,2,6
390,c_782755,48,M,27,5,1,68876,5,52000,3,16876,2,0,10
391,c_733701,70,M,23,1,-1,32000,3,32000,0,0,3,1,2
392,c_823218,54,M,1,1,1,37000,3,37000,0,0,2,0,6
393,c_252358,49,F,27,2,1,53873,3,38000,3,15873,0,1,6
394,c_386516,26,F,23,3,1,47155,3,32000,3,15155,1,2,7
395,c_483109,24,M,1,2,1,76346,4,55000,4,21346,2,1,8
396,c_038323,31,F,23,2,-1,49660,2,34000,3,15660,0,0,6
397,c_248464,37,F,23,5,1,38914,2,27000,2,11914,0,1,9
398,c_595673,26,F,1,3,1,68406,5,52000,3,16406,2,3,8
399,c_758179,18,F,23,4,-1,27000,2,27000,0,0,1,2,4
400,c_653758,22,M,27,2,0,23334,1,12000,2,11334,0,0,2
401,c_010005,66,M,40,2,-1,59000,5,59000,0,0,5,0,3
402,c_045502,27,M,13,4,1,59078,3,43000,3,16078,1,0,10
403,c_796580,63,F,1,3,1,29185,1,23000,1,6185,0,0,7
404,c_860745,53,M,1,1,-1,13000,1,13000,0,0,1,0,5
405,c_035779,39,F,40,1,-1,67000,5,67000,0,0,1,1,7
406,c_476039,48,M,40,3,-1,42889,2,37000,1,5889,1,0,4
407,c_860619,40,M,13,3,-1,20133,1,14000,1,6133,1,0,6
408,c_783647,48,M,13,2,-1,36956,2,31000,1,5956,1,0,6
409,c_719458,68,F,13,1,1,56478,3,41000,3,15478,0,1,6
410,c_558267,43,F,1,2,-1,53874,3,43000,2,10874,1,3,2
411,c_453649,19,M,13,4,1,29000,1,29000,0,0,0,0,9
412,c_683551,59,M,1,3,1,24551,1,18000,1,6551,0,0,7
413,c_648950,32,M,23,1,0,60000,5,60000,0,0,0,1,3
414,c_690456,65,F,40,1,1,61949,5,51000,2,10949,0,2,6
415,c_768841,61,F,40,4,-1,30694,1,14000,3,16694,0,0,5
416,c_114257,58,F,1,5,-1,39305,2,23000,3,16305,0,2,9
417,c_095719,37,F,1,4,-1,51000,4,51000,0,0,1,2,10
418,c_258648,56,F,13,1,1,33756,1,22000,2,11756,0,1,4
419,c_519519,69,M,1,4,1,26000,2,26000,0,0,2,0,7
420,c_178229,18,M,40,4,0,56443,4,50000,1,6443,2,1,6
421,c_229507,47,M,1,1,1,54000,5,54000,0,0,4,1,5
422,c_051228,64,F,40,4,0,51313,3,35000,3,16313,1,2,6
423,c_026153,51,F,40,4,0,73504,5,57000,3,16504,1,5,7
424,c_390985,31,F,27,3,0,50297,4,40000,2,10297,2,4,5
425,c_791843,49,F,40,5,-1,55042,3,40000,3,15042,0,2,10
426,c_173151,65,F,27,2,-1,36796,1,21000,3,15796,0,1,6
427,c_644922,59,M,13,5,0,69000,5,69000,0,0,1,0,8
428,c_052434,55,M,13,3,0,36000,3,36000,0,0,1,1,5
429,c_169459,58,F,23,2,0,28386,1,13000,3,15386,0,1,2
430,c_296949,45,M,1,1,-1,28800,1,23000,1,5800,1,0,5
431,c_764012,24,M,40,2,1,65141,3,50000,3,15141,0,1,8
432,c_395450,29,M,23,4,-1,53439,3,43000,2,10439,1,1,7
433,c_838417,69,F,1,2,1,34602,1,18000,3,16602,0,0,6
434,c_730286,46,M,23,5,1,33000,2,33000,0,0,2,0,10
435,c_760153,58,F,1,3,0,46058,3,30000,3,16058,0,2,4
436,c_412282,16,F,27,5,-1,32193,1,26000,1,6193,0,1,8
437,c_461881,70,M,1,2,1,42000,4,42000,0,0,2,0,6
438,c_192551,23,F,40,2,-1,26556,1,10000,3,16556,0,1,5
439,c_759299,28,F,40,4,-1,37050,1,26000,2,11050,0,0,8
440,c_633013,17,M,13,2,-1,12000,1,12000,0,0,0,0,3
441,c_876819,22,F,23,3,1,18000,1,18000,0,0,0,0,7
442,c_806326,46,M,13,1,-1,54000,5,54000,0,0,4,0,3
443,c_853936,60,F,27,2,-1,51305,2,36000,3,15305,0,0,2
444,c_302632,64,F,40,4,1,74410,5,58000,3,16410,2,0,10
445,c_760032,71,F,27,2,1,71846,4,55000,3,16846,2,4,8
446,c_544225,68,F,23,3,-1,54585,3,38000,3,16585,0,0,5
447,c_858929,30,F,13,5,1,59529,3,48000,2,11529,0,2,10
448,c_754590,56,F,40,1,-1,47216,2,37000,2,10216,1,2,5
449,c_329382,56,M,23,4,-1,65969,4,59000,1,6969,4,0,10
450,c_465389,61,M,1,3,0,64000,5,64000,0,0,0,0,6
451,c_658650,33,F,1,3,-1,52821,4,46000,1,6821,0,3,8
452,c_754323,38,M,27,3,1,31000,2,31000,0,0,2,0,8
453,c_657691,51,M,40,4,-1,65317,4,49000,3,16317,0,0,8
454,c_335841,38,F,40,4,1,48836,3,38000,2,10836,0,0,10
455,c_140420,65,M,27,5,0,48000,3,48000,0,0,0,0,8
456,c_170826,64,F,23,2,0,64309,4,48000,3,16309,1,1,4
457,c_169534,31,M,40,3,1,56248,5,51000,1,5248,0,1,9
458,c_341135,58,F,40,1,1,73394,4,57000,3,16394,2,3,7
459,c_249737,36,M,23,4,-1,63802,5,53000,2,10802,5,0,7
460,c_423192,60,F,40,4,-1,45899,3,30000,3,15899,1,3,9
461,c_482150,31,F,27,1,0,61596,5,56000,1,5596,2,3,3
462,c_688285,47,M,40,3,0,57144,5,51000,1,6144,3,0,5
463,c_218315,19,M,1,2,0,24000,2,24000,0,0,0,0,3
464,c_089552,47,F,27,1,0,44665,1,29000,3,15665,0,0,2
465,c_332704,55,M,40,5,1,56000,4,56000,0,0,0,1,10
466,c_341043,27,F,1,1,1,68045,4,57000,2,11045,2,3,6
467,c_514629,39,M,1,3,0,67005,4,51000,3,16005,2,1,5
468,c_067813,35,F,23,3,0,56867,4,40000,3,16867,1,1,5
469,c_237512,15,F,40,4,-1,43960,2,33000,2,10960,1,2,7
470,c_773820,72,M,27,4,1,35000,2,35000,0,0,1,0,9
471,c_282396,41,F,1,4,1,52449,4,42000,2,10449,2,3,9
472,c_559530,58,M,40,5,1,37069,2,32000,1,5069,1,0,9
473,c_880728,57,F,13,4,-1,43697,1,28000,3,15697,0,1,4
474,c_197803,56,M,23,3,1,50353,3,45000,1,5353,0,1,7
475,c_645746,31,F,23,3,-1,67601,5,57000,2,10601,0,5,9
476,c_376347,70,M,13,5,0,46714,3,41000,1,5714,0,1,7
477,c_163875,59,F,27,5,-1,66980,4,55000,2,11980,1,1,9
478,c_801171,42,M,27,3,1,46160,2,25000,4,21160,0,0,7
479,c_675932,15,F,23,5,1,12000,1,12000,0,0,0,1,9
480,c_223774,50,M,13,5,-1,57335,4,47000,2,10335,0,0,9
481,c_078165,54,F,23,2,1,36430,1,20000,3,16430,0,1,6
482,c_839022_482,28,F,1,5,-1,44626,3,38000,1,6626,1,2,9
483,c_118456,33,F,23,1,-1,52637,3,46000,1,6637,1,2,6
484,c_478161,37,F,23,2,0,42029,2,32000,2,10029,1,1,3
485,c_875616,26,F,40,3,1,63400,5,58000,1,5400,1,3,8
486,c_249219,15,M,40,3,0,68000,5,68000,0,0,2,0,6
487,c_277595,18,M,40,3,1,17000,1,17000,0,0,0,0,7
488,c_621038,38,M,27,2,1,25415,1,20000,1,5415,1,0,5
489,c_782179,30,M,40,2,1,37942,1,26000,2,11942,1,0,5
490,c_680413,61,M,13,3,0,46881,2,40000,1,6881,0,0,5
491,c_244388,55,F,23,2,-1,26195,1,16000,2,10195,0,0,3
492,c_289244,38,F,23,4,0,37397,1,21000,3,16397,0,0,5
493,c_387328,48,F,1,1,-1,71713,4,60000,2,11713,2,1,2
494,c_348866,42,F,40,5,1,62162,4,47000,3,15162,1,3,10
495,c_237857,51,M,27,4,0,54619,4,48000,1,6619,2,0,6
496,c_245626,50,F,40,1,0,53799,3,42000,2,11799,0,0,3
497,c_743802,41,F,13,3,0,37212,2,32000,1,5212,0,2,4
498,c_432495,43,M,40,2,0,34649,2,28000,1,6649,1,0,3
499,c_728347,55,M,13,1,-1,34000,3,34000,0,0,3,0,3
500,c_051931,21,M,1,1,1,31775,2,20000,2,11775,2,0,5
501,c_509583,61,F,1,1,1,69455,5,59000,2,10455,0,0,5
502,c_013024,44,M,23,5,1,35294,1,29000,1,6294,1,0,10
503,c_839022_503,31,F,23,4,1,49060,3,39000,2,10060,0,0,9
504,c_295870,57,M,40,1,0,34000,2,34000,0,0,1,0,2
505,c_094101,44,M,13,1,0,28000,1,28000,0,0,1,0,2
506,c_213316,61,F,23,3,0,73658,4,57000,3,16658,2,2,6
507,c_578534,30,M,27,5,1,37255,1,21000,3,16255,1,0,10
508,c_123864,27,M,27,3,1,61000,5,61000,0,0,3,0,8
509,c_593040,40,M,40,2,-1,43753,3,32000,2,11753,2,0,6
510,c_354154,65,F,23,4,-1,58769,4,48000,2,10769,1,4,8
511,c_783000,64,F,13,4,1,58716,4,47000,2,11716,0,4,10
512,c_387987,49,F,40,2,0,40867,2,30000,2,10867,0,0,3
513,c_545657,24,F,40,5,-1,54787,3,49000,1,5787,0,0,8
514,c_221434,16,F,1,3,0,21000,1,21000,0,0,0,1,4
515,c_155943,52,M,23,4,1,41152,3,30000,2,11152,2,1,8
516,c_085582,17,F,1,3,-1,27747,1,21000,1,6747,0,1,5
517,c_497301,55,F,23,5,0,36184,2,20000,3,16184,1,1,6
518,c_837977,55,M,40,2,0,57000,5,57000,0,0,0,0,4
519,c_745850,56,F,40,1,0,78651,5,63000,3,15651,0,1,3
520,c_784172,59,M,27,5,0,67000,5,67000,0,0,1,1,8
521,c_168211,64,M,23,4,-1,70000,5,70000,0,0,0,0,10
522,c_682883,33,M,27,3,1,79237,5,64000,3,15237,0,0,9
523,c_019040,55,F,13,3,-1,54827,3,39000,3,15827,1,2,5
524,c_626872,41,M,13,2,-1,37295,1,26000,2,11295,1,0,5
525,c_111224,32,M,13,3,-1,37958,1,26000,2,11958,0,0,4
526,c_246812,52,F,23,5,0,36966,2,26000,2,10966,1,2,7
527,c_706579,62,M,13,1,0,40000,3,40000,0,0,0,1,2
528,c_192824,35,M,23,3,1,45835,1,30000,3,15835,0,0,7
529,c_723068,58,M,1,5,-1,61766,5,55000,1,6766,5,1,7
530,c_889144,65,M,1,1,-1,65122,4,59000,1,6122,0,1,7
531,c_212193,69,F,1,3,-1,45320,1,30000,3,15320,0,1,6
532,c_452815,64,M,40,1,-1,59000,5,59000,0,0,5,0,6
533,c_630670,39,F,13,1,-1,66531,3,50000,3,16531,1,3,1
534,c_314917,35,F,27,2,0,47386,3,41000,1,6386,0,3,4
535,c_652702,62,M,1,2,0,70000,5,70000,0,0,1,0,5
536,c_872560,17,F,40,1,1,46000,4,46000,0,0,2,3,5
537,c_376622,48,M,40,3,0,58000,5,58000,0,0,2,1,6
538,c_772051,45,M,13,3,-1,52540,3,37000,3,15540,0,0,7
539,c_725917,21,M,27,3,1,33741,2,27000,1,6741,0,0,6
540,c_171822,34,M,13,4,1,24546,1,13000,2,11546,1,0,9
541,c_880189,71,M,13,4,0,13000,1,13000,0,0,1,0,5
542,c_833344,69,F,40,2,1,74106,5,59000,3,15106,2,3,8
543,c_711770,38,F,1,2,-1,62644,4,51000,2,11644,1,0,4
544,c_434288,19,F,1,5,1,56000,5,56000,0,0,2,4,10
545,c_584516,37,F,40,4,1,61019,3,50000,2,11019,0,2,10
546,c_128636,39,F,13,1,1,52708,3,42000,2,10708,0,1,5
547,c_417198,55,M,40,3,0,48242,4,42000,1,6242,1,1,5
548,c_715935,50,M,13,2,1,54000,5,54000,0,0,3,0,7
549,c_306092,30,F,23,2,1,42854,2,36000,1,6854,0,1,6
550,c_569924,32,F,13,3,1,69545,4,58000,2,11545,2,4,8
551,c_260797,55,M,1,5,0,54322,4,48000,1,6322,2,0,8
552,c_519410,69,F,40,3,-1,56406,3,45000,2,11406,1,0,4
553,c_292983,23,M,13,3,1,40000,3,40000,0,0,1,1,8
554,c_213513,70,F,13,1,0,51598,4,40000,2,11598,1,4,2
555,c_272368,23,F,13,5,0,37166,1,22000,3,15166,0,0,6
556,c_144626,47,M,27,2,0,29000,1,29000,0,0,0,0,3
557,c_146044,42,F,13,3,-1,40845,3,30000,2,10845,0,0,7
558,c_515015,45,F,1,2,1,57298,3,46000,2,11298,0,2,6
559,c_678142,28,M,23,2,0,42909,3,31000,2,11909,2,1,3
560,c_162205,68,M,23,3,1,29000,1,29000,0,0,1,0,8
561,c_210278,23,M,40,4,-1,45751,2,40000,1,5751,2,0,10
562,c_115335,25,M,23,2,1,60341,3,45000,3,15341,2,1,7
563,c_375437,72,M,23,4,0,66000,5,66000,0,0,2,0,7
564,c_299558,67,F,13,5,0,43362,2,27000,3,16362,1,0,7
565,c_880900,60,F,23,3,1,36585,2,21000,3,15585,0,1,6
566,c_807973,49,M,40,3,0,51000,4,51000,0,0,1,0,5
567,c_250547,36,M,40,2,-1,53947,3,48000,1,5947,3,1,6
568,c_507364,19,M,27,2,0,28000,1,28000,0,0,1,0,3
569,c_662463_569,51,F,23,2,0,62861,4,46000,3,16861,2,2,4
570,c_754907,19,F,13,4,-1,57802,4,46000,2,11802,1,1,5
571,c_175352,70,F,1,5,1,38811,1,23000,3,15811,0,1,9
572,c_684425,59,M,27,2,1,50000,3,50000,0,0,2,0,7
573,c_588095,39,M,13,5,1,46429,2,30000,3,16429,2,0,9
574,c_082054,69,M,23,4,0,63156,4,57000,1,6156,0,0,7
575,c_697194,24,M,27,3,0,39425,1,29000,2,10425,0,0,4
576,c_123369,30,F,40,4,1,41759,3,36000,1,5759,1,0,9
577,c_402588,50,M,27,1,1,71118,5,60000,2,11118,5,0,7
578,c_756134,69,F,40,2,0,73226,5,58000,3,15226,2,4,4
579,c_897822,47,M,27,5,0,49000,4,49000,0,0,3,1,8
580,c_341513,51,F,1,2,1,68024,4,53000,3,15024,0,4,7
581,c_089599,20,F,1,2,0,34939,2,24000,2,10939,1,2,3
582,c_760306,37,M,13,1,0,56089,3,35000,4,21089,1,1,2
583,c_381500,39,M,1,4,1,36469,1,26000,2,10469,0,0,9
584,c_520839,49,M,1,4,1,52000,4,52000,0,0,0,1,9
585,c_859402,70,F,27,5,0,46589,3,36000,2,10589,0,1,7
586,c_877662,63,M,1,4,0,45000,3,45000,0,0,3,1,6
587,c_485440,30,M,23,3,0,54515,4,49000,1,5515,1,0,5
588,c_115989,15,M,23,4,1,24592,1,18000,1,6592,1,0,8
589,c_797933,56,F,1,4,0,42927,1,27000,3,15927,0,1,5
590,c_587799,63,F,23,5,1,44703,3,33000,2,11703,0,0,10
591,c_776943,69,M,27,5,1,56000,5,56000,0,0,0,0,10
592,c_314310,40,F,40,5,-1,36803,2,21000,3,15803,0,0,7
593,c_408449,41,M,23,4,1,43046,2,33000,2,10046,0,0,9
594,c_333769,72,M,13,1,1,71986,5,65000,1,6986,1,0,7
595,c_556979,72,M,23,1,1,33000,3,33000,0,0,2,1,5
596,c_363027,69,M,1,1,1,34000,2,34000,0,0,2,0,4
597,c_024979,57,F,13,2,-1,70460,5,54000,3,16460,2,4,4
598,c_142050,63,F,23,4,-1,37438,2,21000,3,16438,1,1,7
599,c_499937,29,M,27,1,1,55472,3,44000,2,11472,1,1,6
600,c_034733,51,M,40,1,-1,21656,1,16000,1,5656,1,0,4
601,c_616775,40,F,1,4,-1,53359,3,42000,2,11359,1,1,4
602,c_884110,16,M,40,1,-1,66618,4,60000,1,6618,1,1,2
603,c_440730,20,F,27,4,1,51327,3,35000,3,16327,1,2,10
604,c_309754,32,F,27,4,0,16000,1,16000,0,0,0,1,5
605,c_722919,70,F,40,5,1,67092,4,57000,2,10092,1,2,10
606,c_899994,21,M,40,1,1,71082,5,65000,1,6082,1,0,6
607,c_041608,28,M,13,4,0,65012,3,45000,4,20012,0,1,6
608,c_794863,67,M,40,5,-1,58139,4,52000,1,6139,2,1,10
609,c_310581,36,M,40,2,1,28868,1,18000,2,10868,1,0,5
610,c_282033,22,F,40,3,0,41583,1,30000,2,11583,0,1,4
611,c_356022,62,F,1,4,1,33382,1,22000,2,11382,0,0,9
612,c_390695,46,F,23,4,1,53561,3,38000,3,15561,1,2,9
613,c_721738,63,M,13,3,0,30000,2,30000,0,0,2,0,4
614,c_854431,42,F,13,1,-1,68192,5,63000,1,5192,2,0,5
615,c_023736,53,M,23,4,0,58190,4,53000,1,5190,4,1,7
616,c_093828,38,M,13,3,-1,63067,4,47000,3,16067,4,1,3
617,c_249921,46,M,40,1,0,24686,1,18000,1,6686,1,0,1
618,c_100431,51,M,13,3,1,63000,5,63000,0,0,2,0,10
619,c_124610,61,M,27,5,0,25000,2,25000,0,0,0,0,7
620,c_642850,62,F,1,4,-1,49387,2,34000,3,15387,1,2,7
621,c_678850,21,M,1,1,-1,28729,1,23000,1,5729,1,0,5
622,c_130196,45,F,1,3,0,64698,4,54000,2,10698,1,0,5
623,c_689951,72,M,1,3,0,36000,3,36000,0,0,0,1,5
624,c_294078,34,F,27,5,-1,61649,3,45000,3,16649,0,0,9
625,c_746944,61,F,23,2,-1,61788,3,45000,3,16788,0,1,5
626,c_832305,24,F,27,1,1,33000,3,33000,0,0,0,2,5
627,c_707997,63,F,23,5,1,45186,2,29000,3,16186,0,0,9
628,c_450672,21,F,40,5,1,27344,1,21000,1,6344,0,1,10
629,c_611664,34,M,13,3,-1,69950,5,58000,2,11950,3,1,10
630,c_238608,49,F,27,2,1,68033,5,52000,3,16033,2,4,7
631,c_658045,58,F,13,1,1,26310,1,11000,3,15310,0,1,3
632,c_747752,18,M,1,4,0,46000,4,46000,0,0,1,0,6
633,c_266424,61,M,13,1,1,39000,3,39000,0,0,0,0,6
634,c_046703,19,M,13,4,0,40000,4,40000,0,0,0,0,6
635,c_578923,32,M,13,5,0,53087,1,27000,5,26087,0,0,7
636,c_852759,67,F,40,1,-1,25621,1,10000,3,15621,0,0,0
637,c_229819,66,F,27,3,1,58661,4,47000,2,11661,0,3,8
638,c_191617,31,F,13,4,-1,25531,1,19000,1,6531,0,0,8
639,c_282872,72,F,27,2,0,64411,3,48000,3,16411,1,0,4
640,c_539334,47,F,13,3,0,36050,1,21000,3,15050,0,0,4
641,c_606836,37,M,23,3,1,57990,4,52000,1,5990,3,0,9
642,c_446507,45,M,23,3,0,38147,3,33000,1,5147,0,1,5
643,c_691036,55,F,40,2,0,35030,1,20000,3,15030,0,0,3
644,c_368768,55,F,23,1,1,56761,4,40000,3,16761,1,0,5
645,c_320232,67,F,23,5,-1,61750,4,46000,3,15750,2,1,8
646,c_873000,32,F,40,5,1,57242,5,51000,1,6242,1,5,10
647,c_857581,52,M,40,4,1,40000,3,40000,0,0,1,0,8
648,c_427999,34,F,1,2,1,64969,5,59000,1,5969,0,5,8
649,c_245174,46,M,27,5,-1,28000,2,28000,0,0,1,0,10
650,c_232130,46,F,1,2,0,75463,5,64000,2,11463,0,0,5
651,c_702896,26,F,13,2,1,49385,2,38000,2,11385,0,2,7
652,c_139594,69,F,13,4,-1,37100,1,26000,2,11100,0,1,5
653,c_797781,23,M,27,3,1,47000,4,47000,0,0,2,0,8
654,c_046273,46,M,13,1,-1,29000,2,29000,0,0,1,0,5
655,c_696391,31,F,13,3,-1,69591,4,59000,2,10591,2,0,4
656,c_134788,24,F,27,4,1,76911,4,60000,3,16911,1,0,9
657,c_210128,41,F,40,5,-1,55065,4,50000,1,5065,0,3,10
658,c_151420,67,F,27,5,-1,55807,3,44000,2,11807,1,0,8
659,c_003457,25,F,27,5,0,38313,1,28000,2,10313,0,1,7
660,c_869576,57,M,13,3,0,76589,5,70000,1,6589,2,1,6
661,c_361460,19,F,1,5,1,25035,1,19000,1,6035,0,0,9
662,c_732050,43,M,13,3,-1,57822,3,46000,2,11822,3,1,7
663,c_450061,39,F,27,5,0,48297,3,37000,2,11297,0,2,7
664,c_286528,22,M,1,5,-1,51864,4,40000,2,11864,4,0,8
665,c_852596,17,F,40,1,1,21582,1,11000,2,10582,0,0,5
666,c_578222,66,F,40,3,-1,62812,5,52000,2,10812,0,4,9
667,c_467736,41,M,13,2,0,62432,5,57000,1,5432,4,1,4
668,c_041294,66,M,40,3,1,51495,4,46000,1,5495,2,1,8
669,c_313523,23,F,27,1,-1,27195,1,12000,3,15195,0,0,2
670,c_393850,36,F,23,2,-1,35133,1,29000,1,6133,0,1,5
671,c_885299,52,M,27,5,1,44000,4,44000,0,0,2,0,10
672,c_216200,47,F,40,1,0,54831,2,38000,3,16831,0,1,2
673,c_272372,70,F,1,1,1,53168,4,43000,2,10168,1,4,6
674,c_303864,47,F,27,4,0,69492,4,54000,3,15492,2,1,7
675,c_624626,32,M,23,3,-1,61487,3,46000,3,15487,0,0,6
676,c_746649,20,M,23,2,1,29000,1,29000,0,0,0,0,5
677,c_400628,53,F,40,1,0,73207,5,63000,2,10207,0,3,3
678,c_727853,38,M,40,3,0,66073,5,55000,2,11073,3,0,5
679,c_372987,18,M,27,2,0,31000,2,31000,0,0,0,0,3
680,c_671123,59,M,23,5,-1,49698,4,43000,1,6698,3,1,10
681,c_140003,17,F,1,4,0,36501,2,30000,1,6501,1,0,6
682,c_527555,41,M,13,3,-1,65175,4,50000,3,15175,1,1,7
683,c_782942,62,M,40,4,1,42226,2,32000,2,10226,0,0,9
684,c_407889,38,M,1,5,0,73611,5,67000,1,6611,2,0,8
685,c_743513,29,F,23,3,0,60884,5,50000,2,10884,1,4,5
686,c_137907,49,M,13,3,1,46000,3,46000,0,0,2,1,8
687,c_209264,57,F,40,5,1,39317,2,29000,2,10317,0,2,10
688,c_896508,66,M,13,1,-1,59000,4,59000,0,0,1,0,2
689,c_177245,44,M,40,3,0,72029,5,66000,1,6029,2,0,6
690,c_866323,31,F,40,2,-1,44648,3,34000,2,10648,0,1,2
691,c_228360,54,M,1,4,-1,75345,5,69000,1,6345,4,0,5
692,c_027097,23,F,13,1,0,14000,1,14000,0,0,0,1,1
693,c_738309,63,M,13,3,1,56000,4,56000,0,0,2,1,9
694,c_878091,30,M,27,2,1,40088,2,25000,3,15088,2,0,7
695,c_438354,24,M,23,3,1,65055,5,55000,2,10055,5,0,9
696,c_883233,45,M,40,2,1,75926,4,60000,3,15926,3,1,7
697,c_471611,58,F,13,2,0,37630,1,26000,2,11630,0,0,3
698,c_440657,47,F,40,3,1,60809,4,44000,3,16809,0,1,8
699,c_508693,60,F,40,1,-1,42488,2,31000,2,11488,1,2,4
700,c_250285,50,M,13,4,1,63037,5,58000,1,5037,0,1,10
701,c_682978,21,F,23,4,1,22000,1,22000,0,0,0,0,8
702,c_409187,36,M,23,2,1,24044,1,13000,2,11044,1,0,6
703,c_559784,51,F,13,3,0,66507,3,50000,3,16507,0,2,5
704,c_161079,47,M,13,5,1,23822,1,17000,1,6822,1,0,8
705,c_589028,40,F,23,3,-1,27341,1,21000,1,6341,0,0,7
706,c_476740,68,F,40,2,1,71036,5,55000,3,16036,2,0,8
707,c_587807,37,M,27,3,-1,34027,1,28000,1,6027,1,0,6
708,c_754178,26,F,1,3,0,67636,5,56000,2,11636,0,2,6
709,c_274712,28,M,27,2,0,36500,2,25000,2,11500,2,0,3
710,c_840348,36,F,27,4,0,63718,4,52000,2,11718,1,4,7
711,c_484079,53,M,40,4,0,24000,1,24000,0,0,1,0,5
712,c_425399,15,M,13,1,1,39000,2,39000,0,0,2,0,6
713,c_236453,17,M,1,3,-1,37000,3,37000,0,0,3,0,8
714,c_450407,51,M,1,5,1,39000,2,39000,0,0,2,0,9
715,c_759843,70,F,23,4,-1,46420,1,30000,3,16420,0,0,7
716,c_406007,47,M,40,2,0,54000,4,54000,0,0,0,1,4
717,c_664779,27,F,27,2,1,57368,4,52000,1,5368,0,3,8
718,c_057275,67,M,1,3,-1,75991,5,69000,1,6991,3,1,6
719,c_547862,25,F,40,4,1,64460,5,58000,1,6460,1,5,9
720,c_797864,22,M,23,5,-1,41312,2,31000,2,10312,1,0,10
721,c_605725,59,M,1,4,-1,28000,1,28000,0,0,0,0,7
722,c_474297,30,M,27,3,0,30557,2,20000,2,10557,0,0,4
723,c_879789,17,F,23,1,0,38856,1,23000,3,15856,0,1,2
724,c_382856,72,M,27,4,0,33000,2,33000,0,0,2,0,6
725,c_452009,23,F,40,2,-1,41199,3,31000,2,10199,0,3,3
726,c_647614,43,M,40,1,0,47234,2,36000,2,11234,1,0,2
727,c_497826,30,F,13,3,0,35228,1,29000,1,6228,0,0,4
728,c_725653,27,F,40,2,1,33855,1,22000,2,11855,0,1,6
729,c_632701,59,F,23,4,0,60711,3,50000,2,10711,1,1,6
730,c_544192,41,M,23,4,-1,57514,4,46000,2,11514,2,0,7
731,c_857007,67,M,27,4,1,54000,5,54000,0,0,0,0,10
732,c_513739,59,F,40,3,1,33284,2,22000,2,11284,0,1,7
733,c_458447,48,M,27,5,-1,52000,5,52000,0,0,5,1,9
734,c_088007,42,M,23,5,-1,49384,2,39000,2,10384,2,0,8
735,c_688656,40,M,40,1,1,44137,1,28000,3,16137,1,0,4
736,c_135740,70,F,23,5,1,82058,5,66000,3,16058,0,5,10
737,c_502617,22,F,40,1,0,74652,5,64000,2,10652,1,3,3
738,c_639830,21,M,40,2,0,17000,1,17000,0,0,1,0,3
739,c_654121,64,M,40,2,1,32000,3,32000,0,0,3,1,5
740,c_626338,72,M,40,2,1,38000,2,38000,0,0,0,0,7
741,c_363814,62,M,27,2,0,48134,4,42000,1,6134,3,1,4
742,c_671750,15,M,1,1,-1,35000,2,35000,0,0,1,0,1
743,c_228405,63,F,23,1,0,47220,2,31000,3,16220,0,1,2
744,c_695022,15,F,13,1,-1,17222,1,11000,1,6222,0,1,4
745,c_528202,60,M,23,4,0,57000,5,57000,0,0,2,0,7
746,c_686033,64,F,40,5,-1,36364,1,25000,2,11364,0,1,8
747,c_833475,43,F,23,4,-1,64181,3,48000,3,16181,1,2,5
748,c_332207,67,F,1,5,0,64690,4,48000,3,16690,1,0,8
749,c_687687,63,F,40,2,0,71680,5,61000,2,10680,2,3,5
750,c_015098,27,M,13,1,0,59637,3,48000,2,11637,2,0,3
751,c_115226,69,F,13,4,-1,56756,4,40000,3,16756,0,0,10
752,c_801413,56,F,23,3,0,42324,1,27000,3,15324,0,0,4
753,c_473597,32,M,1,5,0,40954,2,30000,2,10954,2,0,7
754,c_261527,39,F,1,1,0,47092,2,37000,2,10092,1,2,2
755,c_764238,24,M,13,2,-1,47540,2,37000,2,10540,0,0,3
756,c_339758,55,F,1,1,-1,56117,3,50000,1,6117,0,2,6
757,c_170221,22,F,13,1,0,63227,5,53000,2,10227,0,2,3
758,c_103398,36,F,40,3,0,66437,4,55000,2,11437,1,2,5
759,c_188837,15,F,40,1,1,35376,1,30000,1,5376,0,0,6
760,c_221326,55,M,13,3,-1,49000,4,49000,0,0,2,0,4
761,c_267817,68,F,23,4,1,61174,4,46000,3,15174,1,4,10
762,c_641456,24,M,27,1,-1,36049,1,25000,2,11049,1,0,4
763,c_747024,57,M,23,5,-1,61533,4,50000,2,11533,1,0,10
764,c_232635,67,F,27,2,1,59384,4,43000,3,16384,2,3,7
765,c_390260,18,M,40,4,-1,16000,1,16000,0,0,1,0,3
766,c_012212,30,F,1,2,0,20479,1,10000,2,10479,0,1,2
767,c_178001,38,M,1,1,0,38815,2,32000,1,6815,2,0,2
768,c_640005,18,F,1,2,-1,76760,5,70000,1,6760,2,1,7
769,c_385199,19,M,23,2,0,25221,1,15000,2,10221,1,0,3
770,c_124928,26,M,13,5,-1,73362,5,67000,1,6362,1,1,10
771,c_643809,61,M,13,4,0,45000,3,45000,0,0,3,0,6
772,c_388790,47,F,23,5,1,57755,4,46000,2,11755,1,0,10
773,c_009035,32,M,1,4,-1,34528,2,28000,1,6528,2,0,9
774,c_570980,37,M,13,1,-1,74549,5,63000,2,11549,2,1,5
775,c_128482,52,M,1,4,0,70000,5,70000,0,0,5,1,7
776,c_718813,70,F,1,1,1,73027,5,63000,2,10027,1,3,6
777,c_510134,42,F,40,3,-1,38757,1,28000,2,10757,0,1,3
778,c_422302,48,M,13,1,-1,70000,5,70000,0,0,1,0,5
779,c_586632,46,F,23,3,1,45247,2,30000,3,15247,0,1,7
780,c_468915,59,F,40,1,1,37898,2,21000,3,16898,0,0,4
781,c_423307,47,M,13,5,-1,46000,3,46000,0,0,0,1,6
782,c_087014,51,M,23,4,-1,30000,1,30000,0,0,0,0,8
783,c_863824,51,M,1,4,1,52000,5,52000,0,0,1,1,9
784,c_214147,28,F,27,4,0,35357,1,25000,2,10357,0,0,5
785,c_667254,47,F,23,4,-1,42006,3,32000,2,10006,0,0,6
786,c_284523,66,F,23,2,1,51488,3,36000,3,15488,0,3,7
787,c_886223,51,M,27,5,1,18000,1,18000,0,0,0,0,10
788,c_171301,17,F,23,5,-1,34000,2,34000,0,0,0,1,5
789,c_605227,55,F,23,5,1,46818,1,30000,3,16818,0,0,10
790,c_858374,26,F,13,3,1,69054,5,64000,1,5054,2,5,8
791,c_788597,40,F,40,3,0,38692,1,27000,2,11692,0,1,4
792,c_467291,20,F,27,4,-1,52098,3,46000,1,6098,0,2,6
793,c_515391,54,M,40,2,-1,35000,3,35000,0,0,2,0,6
794,c_448254,32,M,27,4,0,66708,5,61000,1,5708,1,0,7
795,c_690013,61,F,40,1,1,72830,4,56000,3,16830,2,3,7
796,c_153299,60,F,23,5,1,65694,5,50000,3,15694,2,4,10
797,c_499807,49,M,13,3,1,27000,1,27000,0,0,1,0,7
798,c_465454,45,F,40,2,0,26307,2,20000,1,6307,1,1,3
799,c_463501,63,M,23,4,0,58000,5,58000,0,0,0,0,7
800,c_642321,30,F,23,1,0,36507,2,26000,2,10507,0,0,2
801,c_133078,54,F,23,4,-1,71362,4,56000,3,15362,2,1,10
802,c_832853,41,M,1,1,1,68861,4,48000,4,20861,3,0,6
803,c_722956,32,F,1,3,0,28651,1,17000,2,11651,0,0,4
804,c_117169,28,F,27,5,0,35013,1,19000,3,16013,0,1,6
805,c_634584,50,F,23,2,-1,81593,5,65000,3,16593,1,4,5
806,c_201265,66,F,1,4,1,68427,4,53000,3,15427,1,2,10
807,c_457954,16,F,13,1,-1,40983,3,34000,1,6983,1,0,4
808,c_631719,66,M,40,3,1,26298,2,20000,1,6298,1,0,7
809,c_417494,48,M,27,4,0,59788,4,49000,2,10788,0,1,6
810,c_375189,21,M,40,1,0,31910,1,25000,1,6910,1,0,2
811,c_888805,23,M,1,1,0,72188,4,56000,3,16188,0,0,3
812,c_739719,43,M,27,1,-1,52664,4,41000,2,11664,4,1,5
813,c_024274,45,M,27,2,0,70272,5,64000,1,6272,4,0,5
814,c_819149,17,M,13,4,0,34015,2,28000,1,6015,2,0,6
815,c_892839,26,F,40,3,1,72770,4,57000,3,15770,1,4,9
816,c_515786,42,M,27,4,1,44550,1,28000,3,16550,0,0,8
817,c_427865,71,M,23,3,1,73829,5,68000,1,5829,4,0,9
818,c_637906,44,F,1,1,0,55586,4,44000,2,11586,1,3,3
819,c_009845,55,F,27,5,1,73547,4,57000,3,16547,0,2,10
820,c_596498,65,F,1,3,-1,43171,1,27000,3,16171,0,1,3
821,c_391839,58,M,13,3,-1,75021,5,64000,2,11021,5,1,6
822,c_404195,18,F,13,1,-1,39000,2,39000,0,0,1,1,2
823,c_883558,55,M,23,2,-1,36000,2,36000,0,0,0,0,4
824,c_855249,50,F,23,1,-1,36114,2,21000,3,15114,1,2,5
825,c_127267,48,M,1,3,1,58000,5,58000,0,0,5,0,9
826,c_291678,16,M,13,3,0,14000,1,14000,0,0,1,0,4
827,c_159456,57,M,23,5,1,14000,1,14000,0,0,1,0,8
828,c_651679,19,M,40,4,0,15000,1,15000,0,0,0,0,5
829,c_813257,58,F,27,4,1,56001,2,40000,3,16001,0,2,9
830,c_007273,71,M,23,5,0,47000,4,47000,0,0,4,1,8
831,c_600485,71,F,13,2,1,56379,3,41000,3,15379,1,2,6
832,c_373687,40,F,13,1,0,69072,5,59000,2,10072,0,2,3
833,c_075367,48,M,13,4,1,25000,2,25000,0,0,0,0,8
834,c_570744,40,M,40,1,0,82455,5,67000,3,15455,1,1,4
835,c_066112,56,F,27,3,1,41491,2,25000,3,16491,0,2,7
836,c_057069,61,F,13,2,0,61344,5,51000,2,10344,0,1,4
837,c_197054,57,M,40,2,0,46000,3,46000,0,0,0,0,4
838,c_823477,64,F,13,3,-1,70924,5,55000,3,15924,0,3,4
839,c_797218,34,M,13,3,-1,30926,1,25000,1,5926,0,0,6
840,c_616021,72,M,27,5,0,31000,2,31000,0,0,2,0,7
841,c_663199,35,M,27,5,0,62035,3,47000,3,15035,0,0,8
842,c_531579,27,F,13,5,-1,45480,3,35000,2,10480,0,2,10
843,c_258186,63,M,27,2,1,50000,5,50000,0,0,2,0,7
844,c_037164,66,F,27,5,0,65340,4,55000,2,10340,2,1,8
845,c_229828,15,M,40,3,0,22000,2,22000,0,0,1,0,4
846,c_429555,44,F,27,4,-1,19851,1,13000,1,6851,0,0,3
847,c_196481,25,F,27,5,0,72563,5,62000,2,10563,2,5,8
848,c_181533,63,F,1,1,1,64648,4,48000,3,16648,0,1,6
849,c_177674,44,F,13,4,-1,71668,4,56000,3,15668,0,1,8
850,c_590780,15,M,40,5,0,47000,4,47000,0,0,1,1,8
851,c_615740,19,M,40,4,1,39000,3,39000,0,0,2,0,8
852,c_541733,18,F,27,5,0,41000,3,41000,0,0,1,1,7
853,c_524902,60,M,40,4,-1,27000,1,27000,0,0,1,0,4
854,c_408598,36,F,27,3,0,60840,5,55000,1,5840,0,1,5
855,c_842905,55,F,27,2,-1,31190,1,15000,3,16190,0,0,2
856,c_067272,62,M,27,5,0,75915,5,69000,1,6915,4,1,8
857,c_638874,37,M,27,4,-1,82219,5,57000,5,25219,4,1,6
858,c_699927,71,M,27,4,-1,61000,5,61000,0,0,5,0,10
859,c_111511,29,M,23,1,-1,89224,5,68000,4,21224,5,0,7
860,c_720035,54,F,27,5,0,35005,2,20000,3,15005,0,2,6
861,c_289132,17,F,27,4,-1,27643,2,21000,1,6643,0,2,8
862,c_799512,52,M,40,2,-1,47000,4,47000,0,0,2,0,5
863,c_797824,71,F,1,2,1,68348,5,52000,3,16348,1,4,7
864,c_487363,52,M,23,3,-1,55000,5,55000,0,0,0,0,4
865,c_541585,63,M,23,2,1,22977,1,16000,1,6977,0,0,5
866,c_063392,27,F,13,4,1,39755,2,34000,1,5755,1,0,9
867,c_040563,30,M,27,4,1,85499,5,65000,4,20499,0,1,10
868,c_449782,61,F,27,3,1,80662,5,64000,3,16662,0,3,10
869,c_822455,63,M,40,5,-1,55000,5,55000,0,0,2,1,7
870,c_724881,40,F,27,5,1,68977,5,57000,2,11977,2,2,10
871,c_891932,65,F,27,2,-1,74484,5,64000,2,10484,1,1,5
872,c_602400,35,M,27,1,0,58109,4,48000,2,10109,2,0,3
873,c_352780,47,F,27,3,0,41017,3,30000,2,11017,0,0,4
874,c_823435,44,M,1,2,-1,55423,2,39000,3,16423,1,0,7
875,c_644895,69,F,1,5,0,55464,3,45000,2,10464,1,1,7
876,c_877890,63,M,27,4,1,52000,5,52000,0,0,5,1,10
877,c_686268,36,F,1,3,1,66849,5,50000,3,16849,0,1,8
878,c_822246,38,F,23,4,1,16000,1,16000,0,0,0,1,8
879,c_649190,49,F,40,1,1,62292,4,51000,2,11292,0,4,7
880,c_352278,24,M,23,3,-1,70000,5,70000,0,0,3,1,9
881,c_451314,33,F,27,4,1,51026,3,41000,2,10026,1,2,10
882,c_072172,25,M,23,3,0,28079,1,22000,1,6079,0,0,4
883,c_158134,24,F,40,2,-1,44198,2,28000,3,16198,0,1,6
884,c_457532,30,F,1,2,0,60038,4,45000,3,15038,2,3,4
885,c_547914,63,M,27,2,0,51185,4,45000,1,6185,0,1,4
886,c_400568,38,M,23,3,0,72621,5,57000,3,15621,0,0,6
887,c_839067,49,F,23,4,1,56063,4,40000,3,16063,1,2,9
888,c_842448,33,F,1,3,1,24122,1,14000,2,10122,0,0,7
889,c_837157,33,F,23,1,1,32000,2,32000,0,0,0,0,5
890,c_154240,54,M,13,2,-1,72320,5,61000,2,11320,5,1,6
891,c_198677,60,F,27,1,0,62804,4,47000,3,15804,1,2,3
892,c_029818,66,F,13,4,-1,47027,2,36000,2,11027,0,0,7
893,c_707449,50,F,27,2,1,67788,4,57000,2,10788,1,0,8
894,c_065508,22,M,27,3,-1,23000,1,23000,0,0,1,0,7
895,c_250202,28,F,13,2,0,75217,5,65000,2,10217,1,2,5
896,c_471956,39,M,23,2,1,78524,5,68000,2,10524,2,1,7
897,c_405332,41,M,13,3,0,67389,4,52000,3,15389,1,0,5
898,c_486448,42,F,13,5,1,68277,5,53000,3,15277,1,5,10
899,c_519618,60,M,13,5,-1,65727,5,59000,1,6727,2,1,10
900,c_068161,34,F,40,5,1,33000,2,33000,0,0,0,0,10
901,c_240247,44,M,40,5,0,54157,2,38000,3,16157,2,0,7
902,c_734904,17,F,23,4,0,36037,2,30000,1,6037,1,0,6
903,c_253822,69,F,13,2,-1,61757,3,45000,3,16757,0,0,2
904,c_430396,68,F,27,3,1,58980,3,48000,2,10980,1,2,8
905,c_815955,43,F,13,1,0,55575,4,49000,1,6575,1,2,3
906,c_306933,52,M,27,3,-1,29000,1,29000,0,0,1,0,4
907,c_238745,17,F,27,1,-1,60000,4,60000,0,0,2,4,2
908,c_599844,31,F,23,5,-1,53865,4,42000,2,11865,2,1,7
909,c_131338,53,F,1,2,1,68301,4,52000,3,16301,2,1,7
910,c_583523,26,F,40,4,1,37242,1,22000,3,15242,0,0,8
911,c_520860,33,F,13,2,0,77607,5,66000,2,11607,1,2,5
912,c_692132,71,M,13,3,0,24000,1,24000,0,0,1,0,4
913,c_317010,45,F,23,4,-1,68978,4,52000,3,16978,0,1,10
914,c_244637,62,F,40,5,0,28313,1,12000,3,16313,0,0,6
915,c_026548,38,M,13,5,-1,35032,2,29000,1,6032,0,0,5
916,c_263264,60,M,40,5,1,51000,4,51000,0,0,1,1,10
917,c_773441,48,M,27,3,1,31868,1,25000,1,6868,1,0,7
918,c_240916,55,M,23,1,0,28000,1,28000,0,0,1,0,2
919,c_051085,44,F,40,5,-1,51000,4,51000,0,0,0,2,10
920,c_898187,38,M,23,4,1,70301,5,64000,1,6301,2,0,10
921,c_133604,23,F,23,1,0,78577,5,67000,2,11577,0,5,4
922,c_076364,45,M,27,4,1,29000,1,29000,0,0,1,0,9
923,c_701900,72,M,23,4,1,51000,5,51000,0,0,1,0,9
924,c_800765,63,F,13,2,-1,42410,2,27000,3,15410,1,2,6
925,c_378519,45,F,23,1,-1,54525,4,44000,2,10525,1,1,2
926,c_308765,15,F,23,4,1,17234,1,12000,1,5234,0,1,7
927,c_218493,69,F,13,3,-1,76749,5,61000,3,15749,2,0,4
928,c_070742,40,M,27,5,-1,70985,5,64000,1,6985,2,1,8
929,c_083805,21,M,23,5,-1,43000,4,43000,0,0,3,0,8
930,c_812628,46,M,23,3,-1,36000,3,36000,0,0,1,1,5
931,c_055839,44,F,13,2,0,46704,3,35000,2,11704,1,2,3
932,c_577676,53,F,13,2,1,79986,5,64000,3,15986,2,1,8
933,c_040409,63,M,23,1,0,52000,4,52000,0,0,4,0,3
934,c_710967,29,M,40,3,-1,20060,1,15000,1,5060,1,0,6
935,c_359957,17,M,23,3,0,68000,5,68000,0,0,0,1,6
936,c_854851,56,F,1,2,-1,72326,4,56000,3,16326,2,3,6
937,c_009502,47,M,1,1,-1,63000,5,63000,0,0,1,1,6
938,c_708947,21,M,40,3,-1,72068,5,66000,1,6068,0,0,8
939,c_792132,66,F,1,1,0,45063,1,30000,3,15063,0,1,2
940,c_135300,36,F,1,3,1,20231,1,14000,1,6231,0,0,6
941,c_498290,24,F,40,3,1,60893,4,44000,3,16893,2,4,9
942,c_224724,38,M,1,2,1,16836,1,10000,1,6836,1,0,6
943,c_483673,23,M,40,2,1,58302,4,53000,1,5302,0,0,7
944,c_189313,64,M,23,5,-1,26000,2,26000,0,0,1,0,6
945,c_736421,54,M,23,2,0,22000,2,22000,0,0,1,0,3
946,c_463336,42,M,27,4,1,37764,2,27000,2,10764,0,0,9
947,c_458100,56,M,1,2,-1,27976,2,21000,1,6976,0,0,4
948,c_674387,64,M,1,1,1,29000,2,29000,0,0,1,0,5
949,c_251227,60,M,13,5,1,60000,4,60000,0,0,1,1,10
950,c_516368,15,F,40,1,1,32952,1,27000,1,5952,0,1,4
951,c_862725,39,M,13,4,0,68287,5,53000,3,15287,3,0,7
952,c_574608,34,M,40,3,0,35493,1,20000,3,15493,0,0,4
953,c_352817,31,M,23,1,0,48134,3,38000,2,10134,3,1,2
954,c_281658,58,M,27,1,1,38000,3,38000,0,0,1,1,6
955,c_516740,60,F,23,5,1,84018,5,69000,3,15018,0,4,10
956,c_657690,37,F,40,3,-1,44206,2,34000,2,10206,0,1,8
957,c_494924,38,F,13,3,-1,22493,1,17000,1,5493,0,1,4
958,c_887850,21,F,40,3,1,31740,2,25000,1,6740,1,2,8
959,c_687463,34,F,27,1,-1,81118,5,66000,3,15118,1,4,3
960,c_691657,62,F,27,1,0,49759,2,33000,3,16759,1,2,2
961,c_132708,65,F,27,1,1,75527,4,59000,3,16527,2,0,6
962,c_440537,54,F,27,3,0,58876,4,48000,2,10876,2,0,5
963,c_486647,29,M,40,3,0,43113,1,28000,3,15113,0,0,4
964,c_701169,71,F,13,1,0,31161,2,20000,2,11161,0,0,2
965,c_807035,27,F,40,2,0,42000,4,42000,0,0,0,4,4
966,c_834256,72,F,27,3,0,58911,4,43000,3,15911,0,4,5
967,c_068532,54,M,27,2,-1,29000,2,29000,0,0,2,0,3
968,c_807029,56,F,27,1,1,43308,1,28000,3,15308,0,1,5
969,c_617349,56,F,40,5,0,31154,1,15000,3,16154,0,0,6
970,c_688560,23,F,1,5,1,54499,4,43000,2,11499,2,0,10
971,c_552023,61,M,27,3,1,57308,4,47000,2,10308,2,0,8
972,c_284030,20,F,23,2,-1,61756,5,51000,2,10756,2,5,3
973,c_420353,18,M,13,4,0,41480,3,36000,1,5480,3,1,6
974,c_345356,16,F,27,4,1,30538,1,24000,1,6538,0,0,7
975,c_654199,29,F,23,4,1,56138,3,50000,1,6138,0,3,10
976,c_467650,70,M,1,3,0,37000,2,37000,0,0,0,0,5
977,c_766657,19,F,1,2,1,44224,3,33000,2,11224,1,1,6
978,c_273485,62,F,40,1,1,61780,3,45000,3,16780,1,1,6
979,c_795471,54,M,1,1,1,61836,4,56000,1,5836,1,1,6
980,c_018816,17,M,40,2,-1,25000,2,25000,0,0,1,0,4
981,c_876990,37,F,1,4,1,37715,1,27000,2,10715,0,0,9
982,c_560566,42,M,1,4,1,52051,3,42000,2,10051,1,0,9
983,c_571347,46,F,1,4,0,70109,5,55000,3,15109,2,1,7
984,c_179479,58,M,40,2,-1,65612,5,54000,2,11612,1,0,4
985,c_848133,32,F,40,1,1,29839,1,14000,3,15839,0,1,5
986,c_001078,38,F,1,5,-1,40000,2,40000,0,0,0,0,10
987,c_592547,20,F,27,2,-1,28089,2,22000,1,6089,0,0,4
988,c_227281,66,F,40,1,0,68265,5,53000,3,15265,0,4,3
989,c_604852,70,F,13,2,0,74894,5,63000,2,11894,2,0,5
990,c_703322,72,M,23,5,1,50000,3,50000,0,0,3,1,10
991,c_589895,45,M,40,5,1,70495,4,59000,2,11495,1,1,10
992,c_536999,54,M,40,1,0,54630,4,44000,2,10630,4,0,3
993,c_136572,46,F,40,3,-1,30590,1,14000,3,16590,0,0,6
994,c_700698,29,F,40,1,1,60310,3,49000,2,11310,0,2,5
995,c_758420,63,F,40,3,-1,31397,1,15000,3,16397,0,0,3
996,c_458716,44,M,27,5,0,46771,3,40000,1,6771,1,1,7
997,c_751623,66,M,13,2,1,51000,4,51000,0,0,3,0,7
998,c_467724,65,F,13,1,-1,74579,4,58000,3,16579,2,1,5
999,c_123978,59,F,1,1,1,27816,1,11000,3,16816,0,1,4
1000,c_386178,57,F,27,2,-1,60080,4,44000,3,16080,2,1,8
