age,feedback_rating,sentiment_score,total_spend,room_bookings,room_spend,restaurant_visits,restaurant_spend,pool_uses,breakfast_uses,gender_F,gender_M,prefecture_1,prefecture_13,prefecture_23,prefecture_27,prefecture_40,target
33,5,-1,14000,1,14000,0,0,1,0,0.0,1.0,0.0,0.0,1.0,0.0,0.0,8
29,3,0,60884,5,50000,2,10884,1,4,1.0,0.0,0.0,0.0,1.0,0.0,0.0,5
68,5,0,76619,5,66000,2,10619,2,5,1.0,0.0,0.0,1.0,0.0,0.0,0.0,8
59,1,-1,65905,4,50000,3,15905,0,4,1.0,0.0,0.0,0.0,0.0,0.0,1.0,4
52,2,-1,39601,1,24000,3,15601,0,0,1.0,0.0,0.0,0.0,0.0,1.0,0.0,4
60,1,-1,42488,2,31000,2,11488,1,2,1.0,0.0,0.0,0.0,0.0,0.0,1.0,4
19,4,0,40253,2,35000,1,5253,0,1,1.0,0.0,0.0,0.0,0.0,1.0,0.0,6
21,3,1,33741,2,27000,1,6741,0,0,0.0,1.0,0.0,0.0,0.0,1.0,0.0,6
44,5,-1,51660,4,45000,1,6660,1,1,1.0,0.0,0.0,1.0,0.0,0.0,0.0,9
52,1,1,32855,1,21000,2,11855,0,1,1.0,0.0,1.0,0.0,0.0,0.0,0.0,5
43,1,0,47234,2,36000,2,11234,1,0,0.0,1.0,0.0,0.0,0.0,0.0,1.0,2
51,5,1,20000,2,20000,0,0,0,0,0.0,1.0,0.0,1.0,0.0,0.0,0.0,9
51,4,0,54619,4,48000,1,6619,2,0,0.0,1.0,0.0,0.0,0.0,1.0,0.0,6
63,1,0,47220,2,31000,3,16220,0,1,1.0,0.0,0.0,0.0,1.0,0.0,0.0,2
71,5,0,47000,4,47000,0,0,4,1,0.0,1.0,0.0,0.0,1.0,0.0,0.0,8
64,4,1,58716,4,47000,2,11716,0,4,1.0,0.0,0.0,1.0,0.0,0.0,0.0,10
70,5,0,46714,3,41000,1,5714,0,1,0.0,1.0,0.0,1.0,0.0,0.0,0.0,7
15,4,1,17234,1,12000,1,5234,0,1,1.0,0.0,0.0,0.0,1.0,0.0,0.0,7
33,3,1,24122,1,14000,2,10122,0,0,1.0,0.0,1.0,0.0,0.0,0.0,0.0,7
62,3,0,26798,1,20000,1,6798,0,1,1.0,0.0,0.0,0.0,0.0,0.0,1.0,4
42,5,1,53451,4,47000,1,6451,0,4,1.0,0.0,1.0,0.0,0.0,0.0,0.0,10
61,5,0,25000,2,25000,0,0,0,0,0.0,1.0,0.0,0.0,0.0,1.0,0.0,7
67,5,-1,61750,4,46000,3,15750,2,1,1.0,0.0,0.0,0.0,1.0,0.0,0.0,8
32,3,1,33643,2,22000,2,11643,0,1,1.0,0.0,1.0,0.0,0.0,0.0,0.0,7
42,4,1,44550,1,28000,3,16550,0,0,0.0,1.0,0.0,0.0,0.0,1.0,0.0,8
34,4,1,73188,5,63000,2,10188,2,2,1.0,0.0,0.0,0.0,1.0,0.0,0.0,10
51,5,1,18000,1,18000,0,0,0,0,0.0,1.0,0.0,0.0,0.0,1.0,0.0,10
66,3,1,51495,4,46000,1,5495,2,1,0.0,1.0,0.0,0.0,0.0,0.0,1.0,8
49,3,1,27000,1,27000,0,0,1,0,0.0,1.0,0.0,1.0,0.0,0.0,0.0,7
44,4,-1,71668,4,56000,3,15668,0,1,1.0,0.0,0.0,1.0,0.0,0.0,0.0,8
21,2,0,17000,1,17000,0,0,1,0,0.0,1.0,0.0,0.0,0.0,0.0,1.0,3
19,2,0,25221,1,15000,2,10221,1,0,0.0,1.0,0.0,0.0,1.0,0.0,0.0,3
23,3,1,48614,2,37000,2,11614,1,0,1.0,0.0,0.0,0.0,0.0,0.0,1.0,7
18,3,-1,60000,4,60000,0,0,1,1,0.0,1.0,0.0,0.0,1.0,0.0,0.0,7
39,4,-1,66202,5,61000,1,5202,3,0,0.0,1.0,0.0,1.0,0.0,0.0,0.0,5
70,3,0,69000,5,69000,0,0,5,1,0.0,1.0,0.0,0.0,1.0,0.0,0.0,6
28,3,0,42193,3,32000,2,10193,0,0,0.0,1.0,0.0,0.0,1.0,0.0,0.0,4
65,4,-1,58769,4,48000,2,10769,1,4,1.0,0.0,0.0,0.0,1.0,0.0,0.0,8
28,4,0,35868,2,30000,1,5868,1,0,0.0,1.0,1.0,0.0,0.0,0.0,0.0,6
72,5,1,50000,3,50000,0,0,3,1,0.0,1.0,0.0,0.0,1.0,0.0,0.0,10
66,5,0,68252,4,53000,3,15252,0,3,1.0,0.0,0.0,1.0,0.0,0.0,0.0,8
49,5,0,28000,2,28000,0,0,2,0,0.0,1.0,0.0,0.0,0.0,1.0,0.0,7
67,2,1,59384,4,43000,3,16384,2,3,1.0,0.0,0.0,0.0,0.0,1.0,0.0,7
32,3,-1,37958,1,26000,2,11958,0,0,0.0,1.0,0.0,1.0,0.0,0.0,0.0,4
48,3,1,31868,1,25000,1,6868,1,0,0.0,1.0,0.0,0.0,0.0,1.0,0.0,7
46,3,-1,30590,1,14000,3,16590,0,0,1.0,0.0,0.0,0.0,0.0,0.0,1.0,6
15,5,1,12000,1,12000,0,0,0,1,1.0,0.0,0.0,0.0,1.0,0.0,0.0,9
61,4,0,45000,3,45000,0,0,3,0,0.0,1.0,0.0,1.0,0.0,0.0,0.0,6
71,2,1,56379,3,41000,3,15379,1,2,1.0,0.0,0.0,1.0,0.0,0.0,0.0,6
66,3,-1,56226,3,46000,2,10226,0,1,1.0,0.0,1.0,0.0,0.0,0.0,0.0,4
54,4,0,46291,2,30000,3,16291,1,1,1.0,0.0,0.0,0.0,1.0,0.0,0.0,6
34,3,-1,69950,5,58000,2,11950,3,1,0.0,1.0,0.0,1.0,0.0,0.0,0.0,10
59,2,1,50000,3,50000,0,0,2,0,0.0,1.0,0.0,0.0,0.0,1.0,0.0,7
57,2,1,37360,3,32000,1,5360,2,0,0.0,1.0,0.0,0.0,0.0,0.0,1.0,7
21,5,1,35650,2,29000,1,6650,1,1,1.0,0.0,0.0,1.0,0.0,0.0,0.0,9
52,2,-1,69662,5,53000,3,16662,2,3,1.0,0.0,1.0,0.0,0.0,0.0,0.0,4
19,5,-1,57000,4,57000,0,0,0,1,0.0,1.0,0.0,0.0,0.0,0.0,1.0,7
38,2,-1,62644,4,51000,2,11644,1,0,1.0,0.0,1.0,0.0,0.0,0.0,0.0,4
54,1,-1,58000,4,58000,0,0,2,0,0.0,1.0,0.0,0.0,0.0,1.0,0.0,1
45,5,1,33983,2,22000,2,11983,2,0,0.0,1.0,0.0,0.0,1.0,0.0,0.0,9
15,3,0,22000,2,22000,0,0,1,0,0.0,1.0,0.0,0.0,0.0,0.0,1.0,4
60,4,-1,45899,3,30000,3,15899,1,3,1.0,0.0,0.0,0.0,0.0,0.0,1.0,9
45,5,1,70495,4,59000,2,11495,1,1,0.0,1.0,0.0,0.0,0.0,0.0,1.0,10
33,5,1,38626,3,33000,1,5626,3,0,0.0,1.0,0.0,0.0,1.0,0.0,0.0,10
23,3,1,40000,3,40000,0,0,1,1,0.0,1.0,0.0,1.0,0.0,0.0,0.0,8
44,5,1,67087,5,52000,3,15087,0,5,1.0,0.0,0.0,0.0,0.0,1.0,0.0,10
59,2,0,83064,5,67000,3,16064,0,0,1.0,0.0,0.0,0.0,0.0,1.0,0.0,5
59,4,-1,74867,5,68000,1,6867,3,0,0.0,1.0,0.0,0.0,0.0,1.0,0.0,10
58,4,-1,15791,1,10000,1,5791,0,0,0.0,1.0,0.0,0.0,0.0,0.0,1.0,8
33,3,1,79237,5,64000,3,15237,0,0,0.0,1.0,0.0,0.0,0.0,1.0,0.0,9
28,4,0,35357,1,25000,2,10357,0,0,1.0,0.0,0.0,0.0,0.0,1.0,0.0,5
18,4,0,56443,4,50000,1,6443,2,1,0.0,1.0,0.0,0.0,0.0,0.0,1.0,6
46,1,0,24686,1,18000,1,6686,1,0,0.0,1.0,0.0,0.0,0.0,0.0,1.0,1
18,5,0,41000,3,41000,0,0,1,1,1.0,0.0,0.0,0.0,0.0,1.0,0.0,7
20,2,1,61207,4,55000,1,6207,2,4,1.0,0.0,1.0,0.0,0.0,0.0,0.0,8
47,3,0,41017,3,30000,2,11017,0,0,1.0,0.0,0.0,0.0,0.0,1.0,0.0,4
47,1,-1,63000,5,63000,0,0,1,1,0.0,1.0,1.0,0.0,0.0,0.0,0.0,6
62,5,-1,53000,4,53000,0,0,1,1,0.0,1.0,0.0,1.0,0.0,0.0,0.0,9
55,2,0,57000,5,57000,0,0,0,0,0.0,1.0,0.0,0.0,0.0,0.0,1.0,4
56,1,1,33756,1,22000,2,11756,0,1,1.0,0.0,0.0,1.0,0.0,0.0,0.0,4
30,5,1,59529,3,48000,2,11529,0,2,1.0,0.0,0.0,1.0,0.0,0.0,0.0,10
37,1,-1,74549,5,63000,2,11549,2,1,0.0,1.0,0.0,1.0,0.0,0.0,0.0,5
50,2,1,67788,4,57000,2,10788,1,0,1.0,0.0,0.0,0.0,0.0,1.0,0.0,8
35,3,0,56867,4,40000,3,16867,1,1,1.0,0.0,0.0,0.0,1.0,0.0,0.0,5
32,3,-1,61487,3,46000,3,15487,0,0,0.0,1.0,0.0,0.0,1.0,0.0,0.0,6
33,2,0,44149,3,38000,1,6149,2,1,0.0,1.0,0.0,1.0,0.0,0.0,0.0,4
40,3,-1,27341,1,21000,1,6341,0,0,1.0,0.0,0.0,0.0,1.0,0.0,0.0,7
54,2,0,22000,2,22000,0,0,1,0,0.0,1.0,0.0,0.0,1.0,0.0,0.0,3
15,2,1,49000,4,49000,0,0,2,0,1.0,0.0,1.0,0.0,0.0,0.0,0.0,8
67,1,-1,25621,1,10000,3,15621,0,0,1.0,0.0,0.0,0.0,0.0,0.0,1.0,0
51,5,1,39000,2,39000,0,0,2,0,0.0,1.0,1.0,0.0,0.0,0.0,0.0,9
20,2,0,34939,2,24000,2,10939,1,2,1.0,0.0,1.0,0.0,0.0,0.0,0.0,3
21,1,-1,28729,1,23000,1,5729,1,0,0.0,1.0,1.0,0.0,0.0,0.0,0.0,5
38,5,-1,41528,2,35000,1,6528,0,1,1.0,0.0,0.0,0.0,1.0,0.0,0.0,10
64,4,0,32000,2,32000,0,0,2,0,0.0,1.0,0.0,1.0,0.0,0.0,0.0,6
66,3,1,26298,2,20000,1,6298,1,0,0.0,1.0,0.0,0.0,0.0,0.0,1.0,7
30,3,1,71253,4,60000,2,11253,0,0,1.0,0.0,0.0,0.0,0.0,0.0,1.0,8
45,4,1,32487,1,21000,2,11487,0,1,1.0,0.0,0.0,0.0,0.0,0.0,1.0,8
54,3,0,58876,4,48000,2,10876,2,0,1.0,0.0,0.0,0.0,0.0,1.0,0.0,5
24,1,-1,36049,1,25000,2,11049,1,0,0.0,1.0,0.0,0.0,0.0,1.0,0.0,4
57,3,0,58795,4,53000,1,5795,4,1,0.0,1.0,0.0,0.0,0.0,1.0,0.0,5
28,2,1,70126,4,54000,3,16126,2,4,1.0,0.0,0.0,0.0,0.0,1.0,0.0,8
30,2,-1,62153,5,51000,2,11153,4,0,0.0,1.0,0.0,0.0,0.0,1.0,0.0,8
57,1,0,51000,4,51000,0,0,3,1,0.0,1.0,0.0,0.0,0.0,0.0,1.0,3
67,2,-1,18350,1,12000,1,6350,0,0,0.0,1.0,0.0,0.0,1.0,0.0,0.0,6
57,5,1,14000,1,14000,0,0,1,0,0.0,1.0,0.0,0.0,1.0,0.0,0.0,8
72,1,0,63000,5,63000,0,0,0,0,0.0,1.0,0.0,1.0,0.0,0.0,0.0,3
41,4,-1,57514,4,46000,2,11514,2,0,0.0,1.0,0.0,0.0,1.0,0.0,0.0,7
22,3,-1,76421,5,65000,2,11421,1,0,1.0,0.0,0.0,0.0,0.0,0.0,1.0,10
63,3,1,56000,4,56000,0,0,2,1,0.0,1.0,0.0,1.0,0.0,0.0,0.0,9
62,4,-1,49387,2,34000,3,15387,1,2,1.0,0.0,1.0,0.0,0.0,0.0,0.0,7
40,5,-1,70985,5,64000,1,6985,2,1,0.0,1.0,0.0,0.0,0.0,1.0,0.0,8
69,1,1,34000,2,34000,0,0,2,0,0.0,1.0,1.0,0.0,0.0,0.0,0.0,4
45,2,1,75926,4,60000,3,15926,3,1,0.0,1.0,0.0,0.0,0.0,0.0,1.0,7
39,5,0,48297,3,37000,2,11297,0,2,1.0,0.0,0.0,0.0,0.0,1.0,0.0,7
25,2,1,60341,3,45000,3,15341,2,1,0.0,1.0,0.0,0.0,1.0,0.0,0.0,7
26,3,-1,65520,3,49000,3,16520,0,0,0.0,1.0,1.0,0.0,0.0,0.0,0.0,8
49,5,-1,55042,3,40000,3,15042,0,2,1.0,0.0,0.0,0.0,0.0,0.0,1.0,10
42,3,-1,40845,3,30000,2,10845,0,0,1.0,0.0,0.0,1.0,0.0,0.0,0.0,7
17,1,1,21582,1,11000,2,10582,0,0,1.0,0.0,0.0,0.0,0.0,0.0,1.0,5
55,3,1,52000,4,52000,0,0,4,1,0.0,1.0,0.0,0.0,1.0,0.0,0.0,8
24,5,-1,54787,3,49000,1,5787,0,0,1.0,0.0,0.0,0.0,0.0,0.0,1.0,8
24,3,0,71958,5,55000,3,16958,0,0,1.0,0.0,1.0,0.0,0.0,0.0,0.0,5
29,5,0,40261,1,24000,3,16261,0,0,1.0,0.0,0.0,0.0,0.0,1.0,0.0,7
26,3,1,72770,4,57000,3,15770,1,4,1.0,0.0,0.0,0.0,0.0,0.0,1.0,9
49,4,1,56063,4,40000,3,16063,1,2,1.0,0.0,0.0,0.0,1.0,0.0,0.0,9
27,2,0,37863,3,31000,1,6863,0,2,1.0,0.0,0.0,0.0,0.0,1.0,0.0,3
46,4,1,53561,3,38000,3,15561,1,2,1.0,0.0,0.0,0.0,1.0,0.0,0.0,9
61,3,0,46881,2,40000,1,6881,0,0,0.0,1.0,0.0,1.0,0.0,0.0,0.0,5
62,1,0,40020,1,25000,3,15020,0,1,1.0,0.0,0.0,1.0,0.0,0.0,0.0,2
27,2,0,35930,2,24000,2,11930,0,2,1.0,0.0,0.0,1.0,0.0,0.0,0.0,3
36,4,0,63718,4,52000,2,11718,1,4,1.0,0.0,0.0,0.0,0.0,1.0,0.0,7
49,5,1,39526,1,28000,2,11526,0,1,1.0,0.0,1.0,0.0,0.0,0.0,0.0,10
31,3,0,50297,4,40000,2,10297,2,4,1.0,0.0,0.0,0.0,0.0,1.0,0.0,5
45,3,-1,52540,3,37000,3,15540,0,0,0.0,1.0,0.0,1.0,0.0,0.0,0.0,7
36,2,-1,40473,1,30000,2,10473,0,0,1.0,0.0,1.0,0.0,0.0,0.0,0.0,7
63,1,0,52837,4,47000,1,5837,4,0,0.0,1.0,0.0,0.0,0.0,1.0,0.0,3
64,2,-1,51230,3,36000,3,15230,1,0,1.0,0.0,0.0,0.0,1.0,0.0,0.0,6
65,5,-1,58729,3,43000,3,15729,0,0,1.0,0.0,0.0,1.0,0.0,0.0,0.0,8
65,2,-1,74484,5,64000,2,10484,1,1,1.0,0.0,0.0,0.0,0.0,1.0,0.0,5
25,5,0,38313,1,28000,2,10313,0,1,1.0,0.0,0.0,0.0,0.0,1.0,0.0,7
36,3,1,20231,1,14000,1,6231,0,0,1.0,0.0,1.0,0.0,0.0,0.0,0.0,6
55,2,-1,31190,1,15000,3,16190,0,0,1.0,0.0,0.0,0.0,0.0,1.0,0.0,2
69,3,-1,76749,5,61000,3,15749,2,0,1.0,0.0,0.0,1.0,0.0,0.0,0.0,4
18,4,0,41480,3,36000,1,5480,3,1,0.0,1.0,0.0,1.0,0.0,0.0,0.0,6
72,5,1,36000,2,36000,0,0,0,0,0.0,1.0,0.0,0.0,0.0,0.0,1.0,10
16,3,0,14000,1,14000,0,0,1,0,0.0,1.0,0.0,1.0,0.0,0.0,0.0,4
40,5,1,66830,4,56000,2,10830,3,0,0.0,1.0,0.0,0.0,0.0,0.0,1.0,10
30,2,1,40088,2,25000,3,15088,2,0,0.0,1.0,0.0,0.0,0.0,1.0,0.0,7
44,4,0,35923,2,20000,3,15923,2,0,0.0,1.0,0.0,0.0,0.0,0.0,1.0,5
41,2,-1,37295,1,26000,2,11295,1,0,0.0,1.0,0.0,1.0,0.0,0.0,0.0,5
66,1,-1,59000,4,59000,0,0,1,0,0.0,1.0,0.0,1.0,0.0,0.0,0.0,2
19,4,1,29000,1,29000,0,0,0,0,0.0,1.0,0.0,1.0,0.0,0.0,0.0,9
54,2,0,28000,2,28000,0,0,1,0,0.0,1.0,0.0,1.0,0.0,0.0,0.0,3
30,2,1,37942,1,26000,2,11942,1,0,0.0,1.0,0.0,0.0,0.0,0.0,1.0,5
31,4,-1,54919,3,49000,1,5919,1,1,1.0,0.0,0.0,0.0,0.0,0.0,1.0,6
69,3,0,31000,2,31000,0,0,1,0,0.0,1.0,1.0,0.0,0.0,0.0,0.0,4
29,4,1,19859,1,13000,1,6859,0,0,0.0,1.0,0.0,0.0,0.0,0.0,1.0,8
47,1,1,54000,5,54000,0,0,4,1,0.0,1.0,1.0,0.0,0.0,0.0,0.0,5
45,1,-1,54525,4,44000,2,10525,1,1,1.0,0.0,0.0,0.0,1.0,0.0,0.0,2
68,2,1,71036,5,55000,3,16036,2,0,1.0,0.0,0.0,0.0,0.0,0.0,1.0,8
30,3,0,30557,2,20000,2,10557,0,0,0.0,1.0,0.0,0.0,0.0,1.0,0.0,4
66,5,1,67245,5,51000,3,16245,1,2,1.0,0.0,0.0,0.0,0.0,0.0,1.0,10
46,3,1,45247,2,30000,3,15247,0,1,1.0,0.0,0.0,0.0,1.0,0.0,0.0,7
37,5,1,56277,4,46000,2,10277,2,0,0.0,1.0,1.0,0.0,0.0,0.0,0.0,10
49,4,1,52000,4,52000,0,0,0,1,0.0,1.0,1.0,0.0,0.0,0.0,0.0,9
71,2,0,57000,5,57000,0,0,4,0,0.0,1.0,0.0,0.0,1.0,0.0,0.0,4
61,5,0,45000,3,45000,0,0,1,1,0.0,1.0,0.0,0.0,0.0,0.0,1.0,7
59,4,-1,28000,1,28000,0,0,0,0,0.0,1.0,1.0,0.0,0.0,0.0,0.0,7
16,5,-1,32193,1,26000,1,6193,0,1,1.0,0.0,0.0,0.0,0.0,1.0,0.0,8
19,3,0,79773,5,63000,3,16773,1,3,1.0,0.0,1.0,0.0,0.0,0.0,0.0,6
19,4,1,39000,3,39000,0,0,2,0,0.0,1.0,0.0,0.0,0.0,0.0,1.0,8
65,1,1,61949,5,51000,2,10949,0,2,1.0,0.0,0.0,0.0,0.0,0.0,1.0,6
33,1,-1,52637,3,46000,1,6637,1,2,1.0,0.0,0.0,0.0,1.0,0.0,0.0,6
60,1,0,62804,4,47000,3,15804,1,2,1.0,0.0,0.0,0.0,0.0,1.0,0.0,3
27,2,0,42000,4,42000,0,0,0,4,1.0,0.0,0.0,0.0,0.0,0.0,1.0,4
72,5,0,31000,2,31000,0,0,2,0,0.0,1.0,0.0,0.0,0.0,1.0,0.0,7
18,4,-1,16000,1,16000,0,0,1,0,0.0,1.0,0.0,0.0,0.0,0.0,1.0,3
31,3,1,56248,5,51000,1,5248,0,1,0.0,1.0,0.0,0.0,0.0,0.0,1.0,9
53,1,-1,13000,1,13000,0,0,1,0,0.0,1.0,1.0,0.0,0.0,0.0,0.0,5
17,1,-1,60000,4,60000,0,0,2,4,1.0,0.0,0.0,0.0,0.0,1.0,0.0,2
15,5,-1,54000,4,54000,0,0,2,1,0.0,1.0,0.0,0.0,1.0,0.0,0.0,10
20,2,1,29000,1,29000,0,0,0,0,0.0,1.0,0.0,0.0,1.0,0.0,0.0,5
67,5,-1,58139,4,52000,1,6139,2,1,0.0,1.0,0.0,0.0,0.0,0.0,1.0,10
36,5,1,70263,5,59000,2,11263,0,3,1.0,0.0,1.0,0.0,0.0,0.0,0.0,10
72,1,0,72156,5,56000,3,16156,2,5,1.0,0.0,0.0,0.0,0.0,1.0,0.0,3
55,1,0,28000,1,28000,0,0,1,0,0.0,1.0,0.0,0.0,1.0,0.0,0.0,2
32,5,1,57242,5,51000,1,6242,1,5,1.0,0.0,0.0,0.0,0.0,0.0,1.0,10
43,4,-1,52433,4,42000,2,10433,0,3,1.0,0.0,0.0,0.0,1.0,0.0,0.0,9
54,2,-1,35000,3,35000,0,0,2,0,0.0,1.0,0.0,0.0,0.0,0.0,1.0,6
50,1,0,53799,3,42000,2,11799,0,0,1.0,0.0,0.0,0.0,0.0,0.0,1.0,3
31,1,0,61596,5,56000,1,5596,2,3,1.0,0.0,0.0,0.0,0.0,1.0,0.0,3
31,3,-1,69591,4,59000,2,10591,2,0,1.0,0.0,0.0,1.0,0.0,0.0,0.0,4
59,4,0,65829,4,49000,3,16829,0,4,1.0,0.0,0.0,0.0,0.0,0.0,1.0,6
35,2,0,47386,3,41000,1,6386,0,3,1.0,0.0,0.0,0.0,0.0,1.0,0.0,4
63,4,0,45000,3,45000,0,0,3,1,0.0,1.0,1.0,0.0,0.0,0.0,0.0,6
39,4,0,68287,5,53000,3,15287,3,0,0.0,1.0,0.0,1.0,0.0,0.0,0.0,7
71,1,0,31161,2,20000,2,11161,0,0,1.0,0.0,0.0,1.0,0.0,0.0,0.0,2
23,1,-1,27195,1,12000,3,15195,0,0,1.0,0.0,0.0,0.0,0.0,1.0,0.0,2
32,3,1,69545,4,58000,2,11545,2,4,1.0,0.0,0.0,1.0,0.0,0.0,0.0,8
70,5,1,38811,1,23000,3,15811,0,1,1.0,0.0,1.0,0.0,0.0,0.0,0.0,9
58,2,0,28386,1,13000,3,15386,0,1,1.0,0.0,0.0,0.0,1.0,0.0,0.0,2
27,4,0,54045,4,43000,2,11045,1,0,0.0,1.0,0.0,0.0,0.0,1.0,0.0,6
62,1,0,64043,3,48000,3,16043,1,2,1.0,0.0,0.0,1.0,0.0,0.0,0.0,3
70,2,1,42000,4,42000,0,0,2,0,0.0,1.0,1.0,0.0,0.0,0.0,0.0,6
64,4,-1,63713,4,53000,2,10713,3,1,0.0,1.0,1.0,0.0,0.0,0.0,0.0,10
49,2,1,26339,1,20000,1,6339,0,0,0.0,1.0,0.0,0.0,0.0,1.0,0.0,5
64,1,1,75596,5,70000,1,5596,2,1,0.0,1.0,0.0,0.0,0.0,1.0,0.0,7
66,2,1,51488,3,36000,3,15488,0,3,1.0,0.0,0.0,0.0,1.0,0.0,0.0,7
66,2,1,25000,2,25000,0,0,1,0,0.0,1.0,0.0,0.0,0.0,1.0,0.0,7
32,3,0,58190,5,52000,1,6190,1,3,1.0,0.0,0.0,0.0,1.0,0.0,0.0,5
38,1,0,46374,2,30000,3,16374,0,0,1.0,0.0,0.0,0.0,0.0,1.0,0.0,2
50,5,-1,57335,4,47000,2,10335,0,0,0.0,1.0,0.0,1.0,0.0,0.0,0.0,9
62,3,0,59890,4,44000,3,15890,0,0,1.0,0.0,0.0,0.0,1.0,0.0,0.0,5
59,4,0,60711,3,50000,2,10711,1,1,1.0,0.0,0.0,0.0,1.0,0.0,0.0,6
62,1,0,40000,3,40000,0,0,0,1,0.0,1.0,0.0,1.0,0.0,0.0,0.0,2
58,5,-1,39305,2,23000,3,16305,0,2,1.0,0.0,1.0,0.0,0.0,0.0,0.0,9
38,2,0,40091,3,34000,1,6091,1,2,1.0,0.0,0.0,1.0,0.0,0.0,0.0,3
52,4,0,45000,3,45000,0,0,1,1,0.0,1.0,0.0,0.0,0.0,0.0,1.0,6
23,5,-1,47271,3,37000,2,10271,0,2,1.0,0.0,0.0,0.0,0.0,0.0,1.0,5
18,4,1,28751,1,18000,2,10751,0,0,1.0,0.0,1.0,0.0,0.0,0.0,0.0,8
22,1,1,35227,1,30000,1,5227,1,0,0.0,1.0,0.0,0.0,1.0,0.0,0.0,6
38,5,-1,35032,2,29000,1,6032,0,0,0.0,1.0,0.0,1.0,0.0,0.0,0.0,5
70,1,1,53168,4,43000,2,10168,1,4,1.0,0.0,1.0,0.0,0.0,0.0,0.0,6
46,2,0,40000,3,40000,0,0,2,1,0.0,1.0,0.0,1.0,0.0,0.0,0.0,4
49,3,1,63008,3,48000,3,15008,1,0,1.0,0.0,1.0,0.0,0.0,0.0,0.0,8
57,3,1,66614,4,56000,2,10614,1,0,1.0,0.0,0.0,0.0,0.0,0.0,1.0,8
55,3,1,57000,5,57000,0,0,3,0,0.0,1.0,0.0,0.0,1.0,0.0,0.0,9
54,2,-1,29000,2,29000,0,0,2,0,0.0,1.0,0.0,0.0,0.0,1.0,0.0,3
67,3,-1,75991,5,69000,1,6991,3,1,0.0,1.0,1.0,0.0,0.0,0.0,0.0,6
40,1,0,47146,2,31000,3,16146,0,1,1.0,0.0,0.0,1.0,0.0,0.0,0.0,2
21,2,1,35000,2,35000,0,0,1,0,1.0,0.0,0.0,1.0,0.0,0.0,0.0,6
62,1,1,61780,3,45000,3,16780,1,1,1.0,0.0,0.0,0.0,0.0,0.0,1.0,6
70,1,0,51598,4,40000,2,11598,1,4,1.0,0.0,0.0,1.0,0.0,0.0,0.0,2
62,1,0,49759,2,33000,3,16759,1,2,1.0,0.0,0.0,0.0,0.0,1.0,0.0,2
36,4,0,64762,4,54000,2,10762,2,1,0.0,1.0,0.0,0.0,1.0,0.0,0.0,7
43,4,-1,64181,3,48000,3,16181,1,2,1.0,0.0,0.0,0.0,1.0,0.0,0.0,5
46,1,-1,54000,5,54000,0,0,4,0,0.0,1.0,0.0,1.0,0.0,0.0,0.0,3
45,4,1,29000,1,29000,0,0,1,0,0.0,1.0,0.0,0.0,0.0,1.0,0.0,9
17,4,0,34015,2,28000,1,6015,2,0,0.0,1.0,0.0,1.0,0.0,0.0,0.0,6
58,2,0,37630,1,26000,2,11630,0,0,1.0,0.0,0.0,1.0,0.0,0.0,0.0,3
63,1,0,52000,4,52000,0,0,4,0,0.0,1.0,0.0,0.0,1.0,0.0,0.0,3
64,4,0,51313,3,35000,3,16313,1,2,1.0,0.0,0.0,0.0,0.0,0.0,1.0,6
66,3,1,68631,4,57000,2,11631,3,0,0.0,1.0,0.0,0.0,0.0,1.0,0.0,9
40,3,0,38692,1,27000,2,11692,0,1,1.0,0.0,0.0,0.0,0.0,0.0,1.0,4
40,1,1,44137,1,28000,3,16137,1,0,0.0,1.0,0.0,0.0,0.0,0.0,1.0,4
32,5,-1,67475,4,57000,2,10475,4,1,0.0,1.0,0.0,0.0,0.0,1.0,0.0,10
33,5,1,45799,2,30000,3,15799,0,1,1.0,0.0,0.0,0.0,0.0,1.0,0.0,10
46,5,0,48000,4,48000,0,0,1,1,0.0,1.0,0.0,0.0,0.0,1.0,0.0,8
40,1,0,69072,5,59000,2,10072,0,2,1.0,0.0,0.0,1.0,0.0,0.0,0.0,3
38,2,1,16836,1,10000,1,6836,1,0,0.0,1.0,1.0,0.0,0.0,0.0,0.0,6
27,1,0,59637,3,48000,2,11637,2,0,0.0,1.0,0.0,1.0,0.0,0.0,0.0,3
57,4,0,47000,3,47000,0,0,2,0,0.0,1.0,0.0,1.0,0.0,0.0,0.0,6
69,2,1,24000,1,24000,0,0,0,0,0.0,1.0,0.0,0.0,1.0,0.0,0.0,7
27,4,-1,69115,4,49000,4,20115,0,1,0.0,1.0,1.0,0.0,0.0,0.0,0.0,8
48,3,0,58000,5,58000,0,0,2,1,0.0,1.0,0.0,0.0,0.0,0.0,1.0,6
51,2,0,62861,4,46000,3,16861,2,2,1.0,0.0,0.0,0.0,1.0,0.0,0.0,4
44,3,0,58955,3,47000,2,11955,1,0,0.0,1.0,0.0,0.0,1.0,0.0,0.0,5
29,4,1,56138,3,50000,1,6138,0,3,1.0,0.0,0.0,0.0,1.0,0.0,0.0,10
29,1,1,60310,3,49000,2,11310,0,2,1.0,0.0,0.0,0.0,0.0,0.0,1.0,5
66,1,0,45063,1,30000,3,15063,0,1,1.0,0.0,1.0,0.0,0.0,0.0,0.0,2
32,1,1,29839,1,14000,3,15839,0,1,1.0,0.0,0.0,0.0,0.0,0.0,1.0,5
30,2,1,42854,2,36000,1,6854,0,1,1.0,0.0,0.0,0.0,1.0,0.0,0.0,6
65,1,-1,74579,4,58000,3,16579,2,1,1.0,0.0,0.0,1.0,0.0,0.0,0.0,5
21,5,-1,43000,4,43000,0,0,3,0,0.0,1.0,0.0,0.0,1.0,0.0,0.0,8
60,5,1,65694,5,50000,3,15694,2,4,1.0,0.0,0.0,0.0,1.0,0.0,0.0,10
55,1,1,76587,5,66000,2,10587,2,4,1.0,0.0,0.0,0.0,0.0,0.0,1.0,6
63,2,1,22977,1,16000,1,6977,0,0,0.0,1.0,0.0,0.0,1.0,0.0,0.0,5
54,2,1,36430,1,20000,3,16430,0,1,1.0,0.0,0.0,0.0,1.0,0.0,0.0,6
68,4,1,61174,4,46000,3,15174,1,4,1.0,0.0,0.0,0.0,1.0,0.0,0.0,10
46,3,0,38867,1,23000,3,15867,0,1,1.0,0.0,0.0,0.0,0.0,0.0,1.0,4
29,4,1,64258,5,53000,2,11258,0,4,1.0,0.0,0.0,0.0,0.0,1.0,0.0,10
58,1,1,26310,1,11000,3,15310,0,1,1.0,0.0,0.0,1.0,0.0,0.0,0.0,3
18,2,-1,76760,5,70000,1,6760,2,1,1.0,0.0,1.0,0.0,0.0,0.0,0.0,7
34,1,-1,81118,5,66000,3,15118,1,4,1.0,0.0,0.0,0.0,0.0,1.0,0.0,3
54,2,-1,40744,2,35000,1,5744,2,0,0.0,1.0,0.0,0.0,1.0,0.0,0.0,2
33,1,-1,41000,3,41000,0,0,1,3,1.0,0.0,0.0,1.0,0.0,0.0,0.0,6
56,2,-1,72326,4,56000,3,16326,2,3,1.0,0.0,1.0,0.0,0.0,0.0,0.0,6
17,4,-1,27643,2,21000,1,6643,0,2,1.0,0.0,0.0,0.0,0.0,1.0,0.0,8
69,5,1,47357,3,31000,3,16357,1,2,1.0,0.0,0.0,0.0,0.0,0.0,1.0,9
32,4,-1,34528,2,28000,1,6528,2,0,0.0,1.0,1.0,0.0,0.0,0.0,0.0,9
31,3,1,46969,3,31000,3,15969,2,0,0.0,1.0,0.0,0.0,0.0,1.0,0.0,8
48,5,-1,52000,5,52000,0,0,5,1,0.0,1.0,0.0,0.0,0.0,1.0,0.0,9
64,3,-1,70924,5,55000,3,15924,0,3,1.0,0.0,0.0,1.0,0.0,0.0,0.0,4
20,4,1,51327,3,35000,3,16327,1,2,1.0,0.0,0.0,0.0,0.0,1.0,0.0,10
60,2,0,11000,1,11000,0,0,1,0,0.0,1.0,1.0,0.0,0.0,0.0,0.0,2
37,4,1,61019,3,50000,2,11019,0,2,1.0,0.0,0.0,0.0,0.0,0.0,1.0,10
48,1,-1,70000,5,70000,0,0,1,0,0.0,1.0,0.0,1.0,0.0,0.0,0.0,5
30,4,0,39079,2,33000,1,6079,0,0,1.0,0.0,0.0,0.0,0.0,0.0,1.0,6
16,1,1,64866,4,54000,2,10866,2,3,1.0,0.0,1.0,0.0,0.0,0.0,0.0,6
37,3,-1,44206,2,34000,2,10206,0,1,1.0,0.0,0.0,0.0,0.0,0.0,1.0,8
71,2,1,47313,4,41000,1,6313,3,1,0.0,1.0,0.0,0.0,0.0,1.0,0.0,6
22,1,0,29000,2,29000,0,0,0,1,1.0,0.0,0.0,0.0,1.0,0.0,0.0,2
69,4,-1,37100,1,26000,2,11100,0,1,1.0,0.0,0.0,1.0,0.0,0.0,0.0,5
42,1,-1,68192,5,63000,1,5192,2,0,1.0,0.0,0.0,1.0,0.0,0.0,0.0,5
65,1,1,75527,4,59000,3,16527,2,0,1.0,0.0,0.0,0.0,0.0,1.0,0.0,6
58,3,-1,75021,5,64000,2,11021,5,1,0.0,1.0,0.0,1.0,0.0,0.0,0.0,6
28,1,1,59609,4,49000,2,10609,0,1,1.0,0.0,0.0,0.0,1.0,0.0,0.0,6
42,3,1,46160,2,25000,4,21160,0,0,0.0,1.0,0.0,0.0,0.0,1.0,0.0,7
66,2,-1,59000,5,59000,0,0,5,0,0.0,1.0,0.0,0.0,0.0,0.0,1.0,3
47,4,0,69492,4,54000,3,15492,2,1,1.0,0.0,0.0,0.0,0.0,1.0,0.0,7
63,2,1,50000,5,50000,0,0,2,0,0.0,1.0,0.0,0.0,0.0,1.0,0.0,7
32,3,0,28651,1,17000,2,11651,0,0,1.0,0.0,1.0,0.0,0.0,0.0,0.0,4
68,5,1,45129,3,40000,1,5129,3,1,0.0,1.0,0.0,0.0,0.0,1.0,0.0,9
44,5,0,46771,3,40000,1,6771,1,1,0.0,1.0,0.0,0.0,0.0,1.0,0.0,7
26,3,-1,57501,4,51000,1,6501,2,4,1.0,0.0,0.0,0.0,0.0,0.0,1.0,8
17,4,0,36037,2,30000,1,6037,1,0,1.0,0.0,0.0,0.0,1.0,0.0,0.0,6
17,1,1,46000,4,46000,0,0,2,3,1.0,0.0,0.0,0.0,0.0,0.0,1.0,5
68,4,0,41000,3,41000,0,0,3,0,0.0,1.0,0.0,0.0,0.0,0.0,1.0,6
62,5,0,75915,5,69000,1,6915,4,1,0.0,1.0,0.0,0.0,0.0,1.0,0.0,8
26,2,1,49385,2,38000,2,11385,0,2,1.0,0.0,0.0,1.0,0.0,0.0,0.0,7
45,3,0,38147,3,33000,1,5147,0,1,0.0,1.0,0.0,0.0,1.0,0.0,0.0,5
64,5,-1,36364,1,25000,2,11364,0,1,1.0,0.0,0.0,0.0,0.0,0.0,1.0,8
41,3,-1,65175,4,50000,3,15175,1,1,0.0,1.0,0.0,1.0,0.0,0.0,0.0,7
32,5,-1,51718,3,41000,2,10718,1,2,1.0,0.0,1.0,0.0,0.0,0.0,0.0,6
57,3,0,76589,5,70000,1,6589,2,1,0.0,1.0,0.0,1.0,0.0,0.0,0.0,6
38,4,1,16000,1,16000,0,0,0,1,1.0,0.0,0.0,0.0,1.0,0.0,0.0,8
69,2,1,34602,1,18000,3,16602,0,0,1.0,0.0,1.0,0.0,0.0,0.0,0.0,6
40,3,-1,20133,1,14000,1,6133,1,0,0.0,1.0,0.0,1.0,0.0,0.0,0.0,6
46,2,0,63511,4,47000,3,16511,0,0,1.0,0.0,0.0,0.0,1.0,0.0,0.0,4
60,5,1,51000,4,51000,0,0,1,1,0.0,1.0,0.0,0.0,0.0,0.0,1.0,10
57,2,-1,35507,3,30000,1,5507,3,0,0.0,1.0,0.0,0.0,0.0,0.0,1.0,2
22,4,0,50423,3,39000,2,11423,1,1,0.0,1.0,0.0,0.0,0.0,1.0,0.0,6
19,5,1,25035,1,19000,1,6035,0,0,1.0,0.0,1.0,0.0,0.0,0.0,0.0,9
23,1,0,72188,4,56000,3,16188,0,0,0.0,1.0,1.0,0.0,0.0,0.0,0.0,3
46,2,0,54793,2,38000,3,16793,1,1,1.0,0.0,0.0,0.0,0.0,0.0,1.0,4
36,4,-1,63802,5,53000,2,10802,5,0,0.0,1.0,0.0,0.0,1.0,0.0,0.0,7
19,4,-1,63000,5,63000,0,0,1,0,0.0,1.0,0.0,0.0,1.0,0.0,0.0,10
56,3,1,50353,3,45000,1,5353,0,1,0.0,1.0,0.0,0.0,1.0,0.0,0.0,7
38,3,1,31000,2,31000,0,0,2,0,0.0,1.0,0.0,0.0,0.0,1.0,0.0,8
26,4,1,37242,1,22000,3,15242,0,0,1.0,0.0,0.0,0.0,0.0,0.0,1.0,8
56,3,0,42324,1,27000,3,15324,0,0,1.0,0.0,0.0,0.0,1.0,0.0,0.0,4
26,5,0,66633,5,60000,1,6633,2,0,0.0,1.0,0.0,0.0,1.0,0.0,0.0,8
33,3,-1,75827,5,59000,3,16827,0,2,1.0,0.0,1.0,0.0,0.0,0.0,0.0,5
15,1,-1,35000,2,35000,0,0,1,0,0.0,1.0,1.0,0.0,0.0,0.0,0.0,1
50,1,1,52494,3,36000,3,16494,0,0,1.0,0.0,0.0,0.0,0.0,1.0,0.0,5
23,2,1,58302,4,53000,1,5302,0,0,0.0,1.0,0.0,0.0,0.0,0.0,1.0,7
21,2,0,46581,4,40000,1,6581,4,1,0.0,1.0,1.0,0.0,0.0,0.0,0.0,4
69,3,-1,56406,3,45000,2,11406,1,0,1.0,0.0,0.0,0.0,0.0,0.0,1.0,4
54,1,1,37000,3,37000,0,0,2,0,0.0,1.0,1.0,0.0,0.0,0.0,0.0,6
58,2,-1,65612,5,54000,2,11612,1,0,0.0,1.0,0.0,0.0,0.0,0.0,1.0,4
21,5,1,48000,4,48000,0,0,4,1,0.0,1.0,0.0,0.0,0.0,1.0,0.0,10
24,4,1,48928,2,28000,4,20928,1,0,0.0,1.0,0.0,1.0,0.0,0.0,0.0,8
16,4,-1,44318,3,33000,2,11318,1,1,1.0,0.0,0.0,1.0,0.0,0.0,0.0,8
48,3,1,37008,3,31000,1,6008,0,1,0.0,1.0,0.0,0.0,0.0,1.0,0.0,7
62,3,1,67974,4,51000,3,16974,0,3,1.0,0.0,0.0,0.0,1.0,0.0,0.0,9
38,2,1,25415,1,20000,1,5415,1,0,0.0,1.0,0.0,0.0,0.0,1.0,0.0,5
39,1,-1,66531,3,50000,3,16531,1,3,1.0,0.0,0.0,1.0,0.0,0.0,0.0,1
57,3,0,50000,5,50000,0,0,2,0,0.0,1.0,0.0,0.0,0.0,0.0,1.0,5
31,2,1,76038,5,70000,1,6038,1,5,1.0,0.0,0.0,0.0,0.0,0.0,1.0,8
50,2,-1,81593,5,65000,3,16593,1,4,1.0,0.0,0.0,0.0,1.0,0.0,0.0,5
63,3,1,29185,1,23000,1,6185,0,0,1.0,0.0,1.0,0.0,0.0,0.0,0.0,7
41,2,1,49352,2,38000,2,11352,1,1,1.0,0.0,1.0,0.0,0.0,0.0,0.0,6
63,4,0,31866,2,20000,2,11866,0,2,1.0,0.0,0.0,1.0,0.0,0.0,0.0,5
44,2,0,46704,3,35000,2,11704,1,2,1.0,0.0,0.0,1.0,0.0,0.0,0.0,3
47,5,1,57755,4,46000,2,11755,1,0,1.0,0.0,0.0,0.0,1.0,0.0,0.0,10
26,5,-1,73362,5,67000,1,6362,1,1,0.0,1.0,0.0,1.0,0.0,0.0,0.0,10
21,2,1,33000,3,33000,0,0,3,0,0.0,1.0,0.0,0.0,0.0,1.0,0.0,6
59,1,1,40329,1,29000,2,11329,0,1,1.0,0.0,0.0,1.0,0.0,0.0,0.0,5
33,2,0,77607,5,66000,2,11607,1,2,1.0,0.0,0.0,1.0,0.0,0.0,0.0,5
39,1,1,52708,3,42000,2,10708,0,1,1.0,0.0,0.0,1.0,0.0,0.0,0.0,5
33,2,1,39117,1,24000,3,15117,0,0,0.0,1.0,0.0,0.0,1.0,0.0,0.0,7
56,1,0,78651,5,63000,3,15651,0,1,1.0,0.0,0.0,0.0,0.0,0.0,1.0,3
28,4,0,61519,4,46000,3,15519,3,0,0.0,1.0,0.0,0.0,0.0,0.0,1.0,6
27,5,0,51276,2,40000,2,11276,0,1,1.0,0.0,0.0,1.0,0.0,0.0,0.0,7
55,3,0,48242,4,42000,1,6242,1,1,0.0,1.0,0.0,0.0,0.0,0.0,1.0,5
24,4,1,76911,4,60000,3,16911,1,0,1.0,0.0,0.0,0.0,0.0,1.0,0.0,9
67,4,1,54000,5,54000,0,0,0,0,0.0,1.0,0.0,0.0,0.0,1.0,0.0,10
33,3,-1,52821,4,46000,1,6821,0,3,1.0,0.0,1.0,0.0,0.0,0.0,0.0,8
65,2,-1,36796,1,21000,3,15796,0,1,1.0,0.0,0.0,0.0,0.0,1.0,0.0,6
58,4,1,49000,4,49000,0,0,2,0,0.0,1.0,0.0,0.0,1.0,0.0,0.0,9
72,4,0,66000,5,66000,0,0,2,0,0.0,1.0,0.0,0.0,1.0,0.0,0.0,7
28,5,-1,30539,1,25000,1,5539,1,0,0.0,1.0,1.0,0.0,0.0,0.0,0.0,5
19,5,0,45924,3,35000,2,10924,1,3,1.0,0.0,1.0,0.0,0.0,0.0,0.0,7
41,2,0,62432,5,57000,1,5432,4,1,0.0,1.0,0.0,1.0,0.0,0.0,0.0,4
30,2,-1,19000,1,19000,0,0,0,0,1.0,0.0,0.0,0.0,1.0,0.0,0.0,4
54,2,-1,72320,5,61000,2,11320,5,1,0.0,1.0,0.0,1.0,0.0,0.0,0.0,6
50,5,0,84227,5,68000,3,16227,1,1,1.0,0.0,0.0,0.0,0.0,0.0,1.0,8
30,4,1,41759,3,36000,1,5759,1,0,1.0,0.0,0.0,0.0,0.0,0.0,1.0,9
44,2,0,18769,1,13000,1,5769,0,1,1.0,0.0,0.0,0.0,1.0,0.0,0.0,2
66,4,1,68427,4,53000,3,15427,1,2,1.0,0.0,1.0,0.0,0.0,0.0,0.0,10
71,4,-1,61000,5,61000,0,0,5,0,0.0,1.0,0.0,0.0,0.0,1.0,0.0,10
68,5,-1,64447,5,54000,2,10447,1,3,1.0,0.0,0.0,1.0,0.0,0.0,0.0,10
15,4,-1,43960,2,33000,2,10960,1,2,1.0,0.0,0.0,0.0,0.0,0.0,1.0,7
64,4,1,53279,4,48000,1,5279,2,1,0.0,1.0,0.0,1.0,0.0,0.0,0.0,10
26,3,0,67636,5,56000,2,11636,0,2,1.0,0.0,1.0,0.0,0.0,0.0,0.0,6
62,2,0,70000,5,70000,0,0,1,0,0.0,1.0,1.0,0.0,0.0,0.0,0.0,5
31,3,-1,67601,5,57000,2,10601,0,5,1.0,0.0,0.0,0.0,1.0,0.0,0.0,9
66,2,1,26322,1,10000,3,16322,0,1,1.0,0.0,0.0,1.0,0.0,0.0,0.0,6
29,1,-1,89224,5,68000,4,21224,5,0,0.0,1.0,0.0,0.0,1.0,0.0,0.0,7
64,2,0,64309,4,48000,3,16309,1,1,1.0,0.0,0.0,0.0,1.0,0.0,0.0,4
27,4,-1,37895,1,22000,3,15895,1,0,0.0,1.0,1.0,0.0,0.0,0.0,0.0,8
47,4,1,43552,2,28000,3,15552,1,2,1.0,0.0,0.0,1.0,0.0,0.0,0.0,8
30,3,0,54515,4,49000,1,5515,1,0,0.0,1.0,0.0,0.0,1.0,0.0,0.0,5
38,4,1,70301,5,64000,1,6301,2,0,0.0,1.0,0.0,0.0,1.0,0.0,0.0,10
44,1,-1,69149,5,64000,1,5149,2,5,1.0,0.0,1.0,0.0,0.0,0.0,0.0,6
48,4,1,25000,2,25000,0,0,0,0,0.0,1.0,0.0,1.0,0.0,0.0,0.0,8
59,3,0,57799,3,41000,3,16799,0,1,1.0,0.0,1.0,0.0,0.0,0.0,0.0,5
61,3,0,64000,5,64000,0,0,0,0,0.0,1.0,1.0,0.0,0.0,0.0,0.0,6
45,3,0,64698,4,54000,2,10698,1,0,1.0,0.0,1.0,0.0,0.0,0.0,0.0,5
62,1,0,76278,5,60000,3,16278,1,0,1.0,0.0,0.0,1.0,0.0,0.0,0.0,3
49,2,1,68033,5,52000,3,16033,2,4,1.0,0.0,0.0,0.0,0.0,1.0,0.0,7
25,1,1,22955,1,17000,1,5955,0,0,0.0,1.0,0.0,0.0,0.0,0.0,1.0,5
47,3,1,60809,4,44000,3,16809,0,1,1.0,0.0,0.0,0.0,0.0,0.0,1.0,8
52,2,0,37324,1,22000,3,15324,0,0,1.0,0.0,0.0,0.0,0.0,1.0,0.0,3
51,1,0,41000,4,41000,0,0,2,0,0.0,1.0,0.0,0.0,0.0,0.0,1.0,2
46,1,-1,29000,2,29000,0,0,1,0,0.0,1.0,0.0,1.0,0.0,0.0,0.0,5
47,5,-1,46000,3,46000,0,0,0,1,0.0,1.0,0.0,1.0,0.0,0.0,0.0,6
69,2,-1,61757,3,45000,3,16757,0,0,1.0,0.0,0.0,1.0,0.0,0.0,0.0,2
15,4,-1,17000,1,17000,0,0,1,0,0.0,1.0,0.0,0.0,0.0,1.0,0.0,6
38,4,1,48836,3,38000,2,10836,0,0,1.0,0.0,0.0,0.0,0.0,0.0,1.0,10
41,1,-1,55339,4,50000,1,5339,1,0,1.0,0.0,0.0,0.0,0.0,1.0,0.0,5
21,3,1,31740,2,25000,1,6740,1,2,1.0,0.0,0.0,0.0,0.0,0.0,1.0,8
16,3,0,60826,5,54000,1,6826,0,1,0.0,1.0,0.0,0.0,0.0,1.0,0.0,5
36,4,1,60186,5,50000,2,10186,0,4,1.0,0.0,0.0,0.0,0.0,0.0,1.0,9
61,5,1,22000,1,22000,0,0,0,0,0.0,1.0,0.0,0.0,1.0,0.0,0.0,9
55,4,1,42000,4,42000,0,0,3,0,0.0,1.0,0.0,0.0,0.0,0.0,1.0,9
69,2,1,74106,5,59000,3,15106,2,3,1.0,0.0,0.0,0.0,0.0,0.0,1.0,8
41,4,1,52449,4,42000,2,10449,2,3,1.0,0.0,1.0,0.0,0.0,0.0,0.0,9
68,3,-1,54585,3,38000,3,16585,0,0,1.0,0.0,0.0,0.0,1.0,0.0,0.0,5
55,2,0,35030,1,20000,3,15030,0,0,1.0,0.0,0.0,0.0,0.0,0.0,1.0,3
36,3,0,60840,5,55000,1,5840,0,1,1.0,0.0,0.0,0.0,0.0,1.0,0.0,5
47,5,0,39509,2,24000,3,15509,0,1,1.0,0.0,0.0,0.0,1.0,0.0,0.0,7
15,4,1,24592,1,18000,1,6592,1,0,0.0,1.0,0.0,0.0,1.0,0.0,0.0,8
42,1,0,58269,3,48000,2,10269,0,0,1.0,0.0,0.0,0.0,1.0,0.0,0.0,3
57,4,-1,43697,1,28000,3,15697,0,1,1.0,0.0,0.0,1.0,0.0,0.0,0.0,4
54,1,1,13000,1,13000,0,0,0,0,0.0,1.0,1.0,0.0,0.0,0.0,0.0,5
61,1,1,72830,4,56000,3,16830,2,3,1.0,0.0,0.0,0.0,0.0,0.0,1.0,7
23,3,0,51359,3,46000,1,5359,0,0,1.0,0.0,1.0,0.0,0.0,0.0,0.0,5
47,3,0,36050,1,21000,3,15050,0,0,1.0,0.0,0.0,1.0,0.0,0.0,0.0,4
60,3,1,25923,1,20000,1,5923,0,1,1.0,0.0,0.0,1.0,0.0,0.0,0.0,7
16,2,1,56000,5,56000,0,0,4,1,0.0,1.0,1.0,0.0,0.0,0.0,0.0,7
27,3,1,61000,5,61000,0,0,3,0,0.0,1.0,0.0,0.0,0.0,1.0,0.0,8
38,3,1,48455,3,42000,1,6455,0,0,0.0,1.0,0.0,0.0,0.0,0.0,1.0,7
63,2,-1,42410,2,27000,3,15410,1,2,1.0,0.0,0.0,1.0,0.0,0.0,0.0,6
51,3,-1,62613,4,46000,3,16613,0,2,1.0,0.0,0.0,0.0,0.0,1.0,0.0,5
17,5,-1,40582,1,25000,3,15582,0,0,1.0,0.0,0.0,0.0,1.0,0.0,0.0,10
68,1,1,56478,3,41000,3,15478,0,1,1.0,0.0,0.0,1.0,0.0,0.0,0.0,6
62,4,1,33382,1,22000,2,11382,0,0,1.0,0.0,1.0,0.0,0.0,0.0,0.0,9
69,1,0,36355,1,20000,3,16355,0,0,1.0,0.0,0.0,0.0,0.0,0.0,1.0,2
61,1,1,69455,5,59000,2,10455,0,0,1.0,0.0,1.0,0.0,0.0,0.0,0.0,5
65,1,0,44000,3,44000,0,0,2,0,0.0,1.0,0.0,1.0,0.0,0.0,0.0,3
35,3,0,38135,1,27000,2,11135,1,0,0.0,1.0,0.0,0.0,0.0,0.0,1.0,4
43,3,-1,57822,3,46000,2,11822,3,1,0.0,1.0,0.0,1.0,0.0,0.0,0.0,7
59,5,-1,20000,2,20000,0,0,2,0,0.0,1.0,0.0,0.0,1.0,0.0,0.0,7
59,5,0,69000,5,69000,0,0,1,0,0.0,1.0,0.0,1.0,0.0,0.0,0.0,8
48,1,-1,30947,2,25000,1,5947,2,0,0.0,1.0,0.0,0.0,1.0,0.0,0.0,4
65,1,0,81286,5,66000,3,15286,0,2,1.0,0.0,0.0,0.0,1.0,0.0,0.0,4
72,4,1,35000,2,35000,0,0,1,0,0.0,1.0,0.0,0.0,0.0,1.0,0.0,9
29,1,0,52587,3,47000,1,5587,0,2,1.0,0.0,0.0,0.0,0.0,0.0,1.0,3
22,3,-1,23000,1,23000,0,0,1,0,0.0,1.0,0.0,0.0,0.0,1.0,0.0,7
59,1,1,40928,2,25000,3,15928,0,1,1.0,0.0,0.0,0.0,0.0,1.0,0.0,5
70,5,1,71283,5,56000,3,15283,2,3,1.0,0.0,0.0,0.0,1.0,0.0,0.0,10
48,5,1,68876,5,52000,3,16876,2,0,0.0,1.0,0.0,0.0,0.0,1.0,0.0,10
45,2,1,57298,3,46000,2,11298,0,2,1.0,0.0,1.0,0.0,0.0,0.0,0.0,6
44,3,0,72029,5,66000,1,6029,2,0,0.0,1.0,0.0,0.0,0.0,0.0,1.0,6
37,4,1,33954,2,22000,2,11954,1,1,1.0,0.0,0.0,0.0,1.0,0.0,0.0,8
61,2,0,61344,5,51000,2,10344,0,1,1.0,0.0,0.0,1.0,0.0,0.0,0.0,4
22,5,-1,51864,4,40000,2,11864,4,0,0.0,1.0,1.0,0.0,0.0,0.0,0.0,8
27,5,-1,45480,3,35000,2,10480,0,2,1.0,0.0,0.0,1.0,0.0,0.0,0.0,10
61,1,1,44312,2,29000,3,15312,0,2,1.0,0.0,0.0,1.0,0.0,0.0,0.0,5
38,3,-1,63067,4,47000,3,16067,4,1,0.0,1.0,0.0,1.0,0.0,0.0,0.0,3
64,1,1,34000,3,34000,0,0,0,1,0.0,1.0,0.0,0.0,0.0,1.0,0.0,4
62,5,1,57000,4,57000,0,0,2,0,0.0,1.0,0.0,0.0,0.0,1.0,0.0,10
43,4,0,34823,1,18000,3,16823,1,0,0.0,1.0,0.0,1.0,0.0,0.0,0.0,5
45,4,-1,74576,5,59000,3,15576,3,0,0.0,1.0,0.0,0.0,1.0,0.0,0.0,9
34,3,-1,30926,1,25000,1,5926,0,0,0.0,1.0,0.0,1.0,0.0,0.0,0.0,6
43,1,-1,52664,4,41000,2,11664,4,1,0.0,1.0,0.0,0.0,0.0,1.0,0.0,5
19,4,-1,57802,4,46000,2,11802,1,1,1.0,0.0,0.0,1.0,0.0,0.0,0.0,5
48,3,-1,35515,3,30000,1,5515,1,0,0.0,1.0,1.0,0.0,0.0,0.0,0.0,3
72,1,1,71986,5,65000,1,6986,1,0,0.0,1.0,0.0,1.0,0.0,0.0,0.0,7
42,5,1,62162,4,47000,3,15162,1,3,1.0,0.0,0.0,0.0,0.0,0.0,1.0,10
35,1,0,58109,4,48000,2,10109,2,0,0.0,1.0,0.0,0.0,0.0,1.0,0.0,3
37,2,-1,47779,4,42000,1,5779,3,0,0.0,1.0,0.0,0.0,0.0,0.0,1.0,6
51,3,0,31230,2,26000,1,5230,0,0,0.0,1.0,0.0,0.0,1.0,0.0,0.0,4
26,3,1,68406,5,52000,3,16406,2,3,1.0,0.0,1.0,0.0,0.0,0.0,0.0,8
32,4,1,69466,5,54000,3,15466,1,4,1.0,0.0,0.0,1.0,0.0,0.0,0.0,9
45,4,-1,55000,5,55000,0,0,0,1,0.0,1.0,0.0,0.0,1.0,0.0,0.0,10
45,3,-1,40865,2,25000,3,15865,1,0,0.0,1.0,0.0,0.0,0.0,1.0,0.0,5
34,2,1,64969,5,59000,1,5969,0,5,1.0,0.0,1.0,0.0,0.0,0.0,0.0,8
59,5,-1,49698,4,43000,1,6698,3,1,0.0,1.0,0.0,0.0,1.0,0.0,0.0,10
49,4,0,61977,3,45000,3,16977,0,2,1.0,0.0,0.0,0.0,0.0,1.0,0.0,6
69,4,-1,56756,4,40000,3,16756,0,0,1.0,0.0,0.0,1.0,0.0,0.0,0.0,10
62,3,0,44000,4,44000,0,0,3,1,0.0,1.0,0.0,0.0,0.0,0.0,1.0,5
29,1,1,64288,4,59000,1,5288,2,0,0.0,1.0,0.0,0.0,1.0,0.0,0.0,7
49,4,0,51000,4,51000,0,0,1,1,0.0,1.0,0.0,0.0,0.0,0.0,1.0,6
27,2,1,57368,4,52000,1,5368,0,3,1.0,0.0,0.0,0.0,0.0,1.0,0.0,8
50,2,1,54000,5,54000,0,0,3,0,0.0,1.0,0.0,1.0,0.0,0.0,0.0,7
17,2,-1,10000,1,10000,0,0,0,1,1.0,0.0,0.0,1.0,0.0,0.0,0.0,6
70,5,0,46589,3,36000,2,10589,0,1,1.0,0.0,0.0,0.0,0.0,1.0,0.0,7
59,5,0,67000,5,67000,0,0,1,1,0.0,1.0,0.0,0.0,0.0,1.0,0.0,8
30,2,1,33281,1,22000,2,11281,0,0,0.0,1.0,0.0,0.0,1.0,0.0,0.0,5
16,5,-1,45360,2,34000,2,11360,0,2,1.0,0.0,0.0,0.0,0.0,1.0,0.0,10
31,4,-1,25531,1,19000,1,6531,0,0,1.0,0.0,0.0,1.0,0.0,0.0,0.0,8
55,5,0,36184,2,20000,3,16184,1,1,1.0,0.0,0.0,0.0,1.0,0.0,0.0,6
49,3,1,46000,3,46000,0,0,2,1,0.0,1.0,0.0,1.0,0.0,0.0,0.0,8
62,5,0,28313,1,12000,3,16313,0,0,1.0,0.0,0.0,0.0,0.0,0.0,1.0,6
29,1,-1,40075,1,29000,2,11075,0,0,1.0,0.0,0.0,0.0,0.0,0.0,1.0,3
39,5,1,46429,2,30000,3,16429,2,0,0.0,1.0,0.0,1.0,0.0,0.0,0.0,9
51,1,1,50868,2,39000,2,11868,1,0,1.0,0.0,0.0,0.0,0.0,1.0,0.0,6
37,4,1,37715,1,27000,2,10715,0,0,1.0,0.0,1.0,0.0,0.0,0.0,0.0,9
39,4,1,36469,1,26000,2,10469,0,0,0.0,1.0,1.0,0.0,0.0,0.0,0.0,9
58,1,-1,18867,1,12000,1,6867,0,0,0.0,1.0,0.0,0.0,1.0,0.0,0.0,4
51,4,-1,30000,1,30000,0,0,0,0,0.0,1.0,0.0,0.0,1.0,0.0,0.0,8
72,2,0,42293,2,27000,3,15293,1,2,1.0,0.0,1.0,0.0,0.0,0.0,0.0,3
61,2,-1,61788,3,45000,3,16788,0,1,1.0,0.0,0.0,0.0,1.0,0.0,0.0,5
35,3,1,45835,1,30000,3,15835,0,0,0.0,1.0,0.0,0.0,1.0,0.0,0.0,7
51,1,-1,59998,4,54000,1,5998,2,1,1.0,0.0,0.0,1.0,0.0,0.0,0.0,3
30,5,0,57000,5,57000,0,0,5,1,0.0,1.0,1.0,0.0,0.0,0.0,0.0,8
28,5,0,35013,1,19000,3,16013,0,1,1.0,0.0,0.0,0.0,0.0,1.0,0.0,6
36,2,1,28868,1,18000,2,10868,1,0,0.0,1.0,0.0,0.0,0.0,0.0,1.0,5
71,3,1,73829,5,68000,1,5829,4,0,0.0,1.0,0.0,0.0,1.0,0.0,0.0,9
32,5,0,53087,1,27000,5,26087,0,0,0.0,1.0,0.0,1.0,0.0,0.0,0.0,7
17,2,-1,25000,2,25000,0,0,1,0,0.0,1.0,0.0,0.0,0.0,0.0,1.0,4
31,5,0,45956,1,30000,3,15956,0,0,1.0,0.0,0.0,1.0,0.0,0.0,0.0,7
25,3,0,28079,1,22000,1,6079,0,0,0.0,1.0,0.0,0.0,1.0,0.0,0.0,4
57,1,0,62324,5,56000,1,6324,3,0,0.0,1.0,1.0,0.0,0.0,0.0,0.0,3
72,5,0,20000,2,20000,0,0,2,0,0.0,1.0,0.0,1.0,0.0,0.0,0.0,6
34,1,-1,24373,1,18000,1,6373,1,0,0.0,1.0,0.0,0.0,0.0,0.0,1.0,4
44,5,-1,23233,1,12000,2,11233,0,0,0.0,1.0,0.0,0.0,0.0,0.0,1.0,6
15,1,0,74520,5,58000,3,16520,0,4,1.0,0.0,0.0,1.0,0.0,0.0,0.0,3
65,1,-1,65122,4,59000,1,6122,0,1,0.0,1.0,1.0,0.0,0.0,0.0,0.0,7
65,1,-1,46881,2,30000,3,16881,0,0,1.0,0.0,1.0,0.0,0.0,0.0,0.0,2
39,1,0,47092,2,37000,2,10092,1,2,1.0,0.0,1.0,0.0,0.0,0.0,0.0,2
40,4,-1,53359,3,42000,2,11359,1,1,1.0,0.0,1.0,0.0,0.0,0.0,0.0,4
30,2,0,60038,4,45000,3,15038,2,3,1.0,0.0,1.0,0.0,0.0,0.0,0.0,4
70,3,0,37000,2,37000,0,0,0,0,0.0,1.0,1.0,0.0,0.0,0.0,0.0,5
17,5,-1,34000,2,34000,0,0,0,1,1.0,0.0,0.0,0.0,1.0,0.0,0.0,5
55,3,-1,54827,3,39000,3,15827,1,2,1.0,0.0,0.0,1.0,0.0,0.0,0.0,5
59,3,1,60275,3,44000,3,16275,0,1,1.0,0.0,0.0,1.0,0.0,0.0,0.0,8
42,5,1,68277,5,53000,3,15277,1,5,1.0,0.0,0.0,1.0,0.0,0.0,0.0,10
57,3,0,47344,2,32000,3,15344,0,2,1.0,0.0,1.0,0.0,0.0,0.0,0.0,4
46,3,-1,36000,3,36000,0,0,1,1,0.0,1.0,0.0,0.0,1.0,0.0,0.0,5
38,3,-1,22493,1,17000,1,5493,0,1,1.0,0.0,0.0,1.0,0.0,0.0,0.0,4
34,4,1,24546,1,13000,2,11546,1,0,0.0,1.0,0.0,1.0,0.0,0.0,0.0,9
69,5,0,55464,3,45000,2,10464,1,1,1.0,0.0,1.0,0.0,0.0,0.0,0.0,7
70,5,1,67092,4,57000,2,10092,1,2,1.0,0.0,0.0,0.0,0.0,0.0,1.0,10
23,5,0,37166,1,22000,3,15166,0,0,1.0,0.0,0.0,1.0,0.0,0.0,0.0,6
35,5,0,62035,3,47000,3,15035,0,0,0.0,1.0,0.0,0.0,0.0,1.0,0.0,8
43,5,0,65010,4,59000,1,6010,2,0,1.0,0.0,0.0,0.0,0.0,0.0,1.0,8
66,2,1,51000,4,51000,0,0,3,0,0.0,1.0,0.0,1.0,0.0,0.0,0.0,7
53,4,1,40222,1,24000,3,16222,0,0,1.0,0.0,1.0,0.0,0.0,0.0,0.0,8
29,3,0,43113,1,28000,3,15113,0,0,0.0,1.0,0.0,0.0,0.0,0.0,1.0,4
70,5,1,82058,5,66000,3,16058,0,5,1.0,0.0,0.0,0.0,1.0,0.0,0.0,10
38,1,0,38815,2,32000,1,6815,2,0,0.0,1.0,1.0,0.0,0.0,0.0,0.0,2
48,3,-1,42889,2,37000,1,5889,1,0,0.0,1.0,0.0,0.0,0.0,0.0,1.0,4
70,4,0,34000,3,34000,0,0,0,1,0.0,1.0,0.0,0.0,0.0,0.0,1.0,6
51,2,-1,33995,1,17000,3,16995,0,0,1.0,0.0,0.0,0.0,0.0,1.0,0.0,4
37,3,-1,34027,1,28000,1,6027,1,0,0.0,1.0,0.0,0.0,0.0,1.0,0.0,6
44,2,0,17372,1,12000,1,5372,0,0,1.0,0.0,0.0,0.0,1.0,0.0,0.0,2
71,2,1,71846,4,55000,3,16846,2,4,1.0,0.0,0.0,0.0,0.0,1.0,0.0,8
34,5,1,33000,2,33000,0,0,0,0,1.0,0.0,0.0,0.0,0.0,0.0,1.0,10
27,4,1,59078,3,43000,3,16078,1,0,0.0,1.0,0.0,1.0,0.0,0.0,0.0,10
63,4,1,69265,4,59000,2,10265,1,2,1.0,0.0,1.0,0.0,0.0,0.0,0.0,10
61,3,1,57308,4,47000,2,10308,2,0,0.0,1.0,0.0,0.0,0.0,1.0,0.0,8
24,2,1,65141,3,50000,3,15141,0,1,0.0,1.0,0.0,0.0,0.0,0.0,1.0,8
44,1,0,28000,1,28000,0,0,1,0,0.0,1.0,0.0,1.0,0.0,0.0,0.0,2
18,4,0,46000,4,46000,0,0,1,0,0.0,1.0,1.0,0.0,0.0,0.0,0.0,6
56,4,-1,65969,4,59000,1,6969,4,0,0.0,1.0,0.0,0.0,1.0,0.0,0.0,10
48,1,-1,71713,4,60000,2,11713,2,1,1.0,0.0,1.0,0.0,0.0,0.0,0.0,2
54,5,0,35005,2,20000,3,15005,0,2,1.0,0.0,0.0,0.0,0.0,1.0,0.0,6
27,4,1,39755,2,34000,1,5755,1,0,1.0,0.0,0.0,1.0,0.0,0.0,0.0,9
22,3,1,18000,1,18000,0,0,0,0,1.0,0.0,0.0,0.0,1.0,0.0,0.0,7
23,4,1,50180,2,35000,3,15180,0,0,0.0,1.0,0.0,0.0,0.0,0.0,1.0,9
71,4,1,85269,5,70000,3,15269,2,0,1.0,0.0,0.0,1.0,0.0,0.0,0.0,10
52,1,1,55457,2,40000,3,15457,1,2,1.0,0.0,0.0,0.0,0.0,0.0,1.0,5
21,1,0,52000,4,52000,0,0,3,0,0.0,1.0,0.0,0.0,1.0,0.0,0.0,3
52,3,0,40112,2,35000,1,5112,2,0,0.0,1.0,0.0,0.0,0.0,0.0,1.0,5
38,2,-1,19908,1,14000,1,5908,0,0,0.0,1.0,0.0,0.0,1.0,0.0,0.0,7
23,4,-1,45751,2,40000,1,5751,2,0,0.0,1.0,0.0,0.0,0.0,0.0,1.0,10
31,1,1,59315,4,49000,2,10315,1,1,0.0,1.0,0.0,0.0,0.0,0.0,1.0,6
51,4,1,43000,4,43000,0,0,3,0,0.0,1.0,1.0,0.0,0.0,0.0,0.0,10
24,3,1,60893,4,44000,3,16893,2,4,1.0,0.0,0.0,0.0,0.0,0.0,1.0,9
25,1,0,74726,5,63000,2,11726,0,3,1.0,0.0,0.0,0.0,1.0,0.0,0.0,3
23,3,1,47000,4,47000,0,0,2,0,0.0,1.0,0.0,0.0,0.0,1.0,0.0,8
49,5,1,46000,4,46000,0,0,0,1,0.0,1.0,1.0,0.0,0.0,0.0,0.0,10
68,1,-1,66167,5,60000,1,6167,1,3,1.0,0.0,0.0,0.0,0.0,0.0,1.0,6
23,2,-1,26556,1,10000,3,16556,0,1,1.0,0.0,0.0,0.0,0.0,0.0,1.0,5
38,3,0,66073,5,55000,2,11073,3,0,0.0,1.0,0.0,0.0,0.0,0.0,1.0,5
61,1,1,65889,4,54000,2,11889,1,3,1.0,0.0,0.0,0.0,0.0,0.0,1.0,7
19,2,0,24000,2,24000,0,0,0,0,0.0,1.0,1.0,0.0,0.0,0.0,0.0,3
72,3,0,58911,4,43000,3,15911,0,4,1.0,0.0,0.0,0.0,0.0,1.0,0.0,5
47,4,-1,42006,3,32000,2,10006,0,0,1.0,0.0,0.0,0.0,1.0,0.0,0.0,6
22,1,0,74652,5,64000,2,10652,1,3,1.0,0.0,0.0,0.0,0.0,0.0,1.0,3
59,1,1,27816,1,11000,3,16816,0,1,1.0,0.0,1.0,0.0,0.0,0.0,0.0,4
56,1,1,71950,5,61000,2,10950,1,0,0.0,1.0,0.0,0.0,0.0,0.0,1.0,7
61,3,0,73658,4,57000,3,16658,2,2,1.0,0.0,0.0,0.0,1.0,0.0,0.0,6
16,3,0,21000,1,21000,0,0,0,1,1.0,0.0,1.0,0.0,0.0,0.0,0.0,4
37,4,-1,51000,4,51000,0,0,1,2,1.0,0.0,1.0,0.0,0.0,0.0,0.0,10
51,3,0,27978,1,16000,2,11978,0,1,1.0,0.0,0.0,0.0,0.0,1.0,0.0,4
45,2,0,26307,2,20000,1,6307,1,1,1.0,0.0,0.0,0.0,0.0,0.0,1.0,3
72,1,-1,53238,4,43000,2,10238,2,4,1.0,0.0,0.0,0.0,0.0,1.0,0.0,3
68,4,0,19000,1,19000,0,0,1,0,0.0,1.0,0.0,0.0,1.0,0.0,0.0,5
21,1,0,31910,1,25000,1,6910,1,0,0.0,1.0,0.0,0.0,0.0,0.0,1.0,2
20,5,0,44000,3,44000,0,0,0,0,0.0,1.0,0.0,0.0,0.0,0.0,1.0,7
32,4,0,16000,1,16000,0,0,0,1,1.0,0.0,0.0,0.0,0.0,1.0,0.0,5
15,1,1,39000,2,39000,0,0,2,0,0.0,1.0,0.0,1.0,0.0,0.0,0.0,6
32,5,0,40954,2,30000,2,10954,2,0,0.0,1.0,1.0,0.0,0.0,0.0,0.0,7
56,1,-1,47216,2,37000,2,10216,1,2,1.0,0.0,0.0,0.0,0.0,0.0,1.0,5
64,4,1,74410,5,58000,3,16410,2,0,1.0,0.0,0.0,0.0,0.0,0.0,1.0,10
24,2,1,45862,2,34000,2,11862,0,0,0.0,1.0,0.0,0.0,0.0,0.0,1.0,7
33,2,-1,79274,4,58000,4,21274,4,1,0.0,1.0,0.0,0.0,0.0,1.0,0.0,5
19,5,1,58000,5,58000,0,0,1,1,0.0,1.0,0.0,0.0,0.0,1.0,0.0,10
22,2,0,30000,3,30000,0,0,3,1,0.0,1.0,0.0,1.0,0.0,0.0,0.0,3
34,2,1,54220,4,44000,2,10220,4,1,0.0,1.0,0.0,0.0,1.0,0.0,0.0,7
24,2,-1,47540,2,37000,2,10540,0,0,0.0,1.0,0.0,1.0,0.0,0.0,0.0,3
51,4,1,52000,5,52000,0,0,1,1,0.0,1.0,1.0,0.0,0.0,0.0,0.0,9
52,4,1,40000,3,40000,0,0,1,0,0.0,1.0,0.0,0.0,0.0,0.0,1.0,8
37,2,0,42029,2,32000,2,10029,1,1,1.0,0.0,0.0,0.0,1.0,0.0,0.0,3
21,1,1,31775,2,20000,2,11775,2,0,0.0,1.0,1.0,0.0,0.0,0.0,0.0,5
45,3,-1,57761,4,52000,1,5761,0,0,1.0,0.0,0.0,0.0,1.0,0.0,0.0,6
48,4,0,59788,4,49000,2,10788,0,1,0.0,1.0,0.0,0.0,0.0,1.0,0.0,6
58,3,0,46058,3,30000,3,16058,0,2,1.0,0.0,1.0,0.0,0.0,0.0,0.0,4
52,4,1,41152,3,30000,2,11152,2,1,0.0,1.0,0.0,0.0,1.0,0.0,0.0,8
47,3,0,57144,5,51000,1,6144,3,0,0.0,1.0,0.0,0.0,0.0,0.0,1.0,5
18,2,0,31000,2,31000,0,0,0,0,0.0,1.0,0.0,0.0,0.0,1.0,0.0,3
19,2,-1,49309,2,38000,2,11309,0,0,1.0,0.0,0.0,0.0,0.0,1.0,0.0,2
41,1,1,68861,4,48000,4,20861,3,0,0.0,1.0,1.0,0.0,0.0,0.0,0.0,6
49,2,0,40867,2,30000,2,10867,0,0,1.0,0.0,0.0,0.0,0.0,0.0,1.0,3
47,5,-1,38128,1,27000,2,11128,0,1,1.0,0.0,0.0,0.0,1.0,0.0,0.0,8
71,3,0,24000,1,24000,0,0,1,0,0.0,1.0,0.0,1.0,0.0,0.0,0.0,4
18,3,0,23000,2,23000,0,0,2,0,0.0,1.0,0.0,0.0,0.0,0.0,1.0,4
43,4,1,78682,5,68000,2,10682,1,0,0.0,1.0,0.0,0.0,1.0,0.0,0.0,10
63,5,1,56000,4,56000,0,0,0,1,0.0,1.0,0.0,0.0,1.0,0.0,0.0,10
51,4,0,73504,5,57000,3,16504,1,5,1.0,0.0,0.0,0.0,0.0,0.0,1.0,7
43,2,-1,53874,3,43000,2,10874,1,3,1.0,0.0,1.0,0.0,0.0,0.0,0.0,2
64,1,-1,59000,5,59000,0,0,5,0,0.0,1.0,0.0,0.0,0.0,0.0,1.0,6
57,2,1,37631,1,26000,2,11631,0,0,1.0,0.0,0.0,0.0,0.0,0.0,1.0,7
57,5,1,39317,2,29000,2,10317,0,2,1.0,0.0,0.0,0.0,0.0,0.0,1.0,10
72,1,-1,29487,2,24000,1,5487,1,0,0.0,1.0,0.0,1.0,0.0,0.0,0.0,3
54,2,0,38282,2,22000,3,16282,0,2,1.0,0.0,1.0,0.0,0.0,0.0,0.0,3
47,5,0,49000,4,49000,0,0,3,1,0.0,1.0,0.0,0.0,0.0,1.0,0.0,8
40,5,0,53666,2,32000,4,21666,0,0,0.0,1.0,0.0,1.0,0.0,0.0,0.0,7
33,1,1,32000,2,32000,0,0,0,0,1.0,0.0,0.0,0.0,1.0,0.0,0.0,5
41,4,1,43046,2,33000,2,10046,0,0,0.0,1.0,0.0,0.0,1.0,0.0,0.0,9
70,2,0,74894,5,63000,2,11894,2,0,1.0,0.0,0.0,1.0,0.0,0.0,0.0,5
52,2,-1,47000,4,47000,0,0,2,0,0.0,1.0,0.0,0.0,0.0,0.0,1.0,5
26,3,1,47155,3,32000,3,15155,1,2,1.0,0.0,0.0,0.0,1.0,0.0,0.0,7
32,1,0,60000,5,60000,0,0,0,1,0.0,1.0,0.0,0.0,1.0,0.0,0.0,3
42,4,1,52051,3,42000,2,10051,1,0,0.0,1.0,1.0,0.0,0.0,0.0,0.0,9
63,3,0,30000,2,30000,0,0,2,0,0.0,1.0,0.0,1.0,0.0,0.0,0.0,4
42,1,0,50726,1,30000,4,20726,0,0,0.0,1.0,0.0,0.0,1.0,0.0,0.0,2
53,2,-1,86786,5,70000,3,16786,0,1,0.0,1.0,0.0,1.0,0.0,0.0,0.0,6
66,5,0,65340,4,55000,2,10340,2,1,1.0,0.0,0.0,0.0,0.0,1.0,0.0,8
54,1,1,61836,4,56000,1,5836,1,1,0.0,1.0,1.0,0.0,0.0,0.0,0.0,6
51,1,-1,21656,1,16000,1,5656,1,0,0.0,1.0,0.0,0.0,0.0,0.0,1.0,4
50,4,1,63037,5,58000,1,5037,0,1,0.0,1.0,0.0,1.0,0.0,0.0,0.0,10
44,4,1,41410,2,35000,1,6410,1,2,1.0,0.0,0.0,0.0,1.0,0.0,0.0,8
31,4,1,49060,3,39000,2,10060,0,0,1.0,0.0,0.0,0.0,1.0,0.0,0.0,9
31,2,-1,49660,2,34000,3,15660,0,0,1.0,0.0,0.0,0.0,1.0,0.0,0.0,6
16,5,-1,67000,5,67000,0,0,5,1,0.0,1.0,1.0,0.0,0.0,0.0,0.0,10
32,4,0,27922,2,22000,1,5922,1,0,0.0,1.0,0.0,1.0,0.0,0.0,0.0,5
45,2,0,70272,5,64000,1,6272,4,0,0.0,1.0,0.0,0.0,0.0,1.0,0.0,5
24,3,1,65055,5,55000,2,10055,5,0,0.0,1.0,0.0,0.0,1.0,0.0,0.0,9
58,5,-1,61766,5,55000,1,6766,5,1,0.0,1.0,1.0,0.0,0.0,0.0,0.0,7
38,4,0,53821,3,33000,4,20821,0,0,0.0,1.0,1.0,0.0,0.0,0.0,0.0,6
68,2,1,36011,2,21000,3,15011,1,0,1.0,0.0,1.0,0.0,0.0,0.0,0.0,5
52,5,-1,31417,2,21000,2,10417,1,1,1.0,0.0,0.0,0.0,0.0,0.0,1.0,6
26,3,1,69054,5,64000,1,5054,2,5,1.0,0.0,0.0,1.0,0.0,0.0,0.0,8
20,2,0,24981,1,13000,2,11981,0,0,1.0,0.0,0.0,1.0,0.0,0.0,0.0,2
43,1,0,55575,4,49000,1,6575,1,2,1.0,0.0,0.0,1.0,0.0,0.0,0.0,3
62,1,0,20782,1,15000,1,5782,1,0,0.0,1.0,1.0,0.0,0.0,0.0,0.0,1
19,5,1,56000,5,56000,0,0,2,4,1.0,0.0,1.0,0.0,0.0,0.0,0.0,10
58,2,1,44125,2,34000,2,10125,0,2,1.0,0.0,0.0,0.0,1.0,0.0,0.0,6
44,2,-1,55423,2,39000,3,16423,1,0,0.0,1.0,1.0,0.0,0.0,0.0,0.0,7
32,5,1,30022,2,20000,2,10022,1,0,0.0,1.0,0.0,1.0,0.0,0.0,0.0,9
55,5,1,46818,1,30000,3,16818,0,0,1.0,0.0,0.0,0.0,1.0,0.0,0.0,10
41,3,0,64989,5,54000,2,10989,3,1,0.0,1.0,0.0,0.0,0.0,1.0,0.0,5
30,5,1,37255,1,21000,3,16255,1,0,0.0,1.0,0.0,0.0,0.0,1.0,0.0,10
55,2,-1,36000,2,36000,0,0,0,0,0.0,1.0,0.0,0.0,1.0,0.0,0.0,4
48,2,-1,36956,2,31000,1,5956,1,0,0.0,1.0,0.0,1.0,0.0,0.0,0.0,6
17,3,0,68000,5,68000,0,0,0,1,0.0,1.0,0.0,0.0,1.0,0.0,0.0,6
17,1,-1,41455,3,30000,2,11455,0,2,1.0,0.0,0.0,0.0,1.0,0.0,0.0,5
71,2,0,60000,4,60000,0,0,1,1,0.0,1.0,1.0,0.0,0.0,0.0,0.0,4
66,1,0,68265,5,53000,3,15265,0,4,1.0,0.0,0.0,0.0,0.0,0.0,1.0,3
67,5,1,40000,4,40000,0,0,1,0,0.0,1.0,0.0,0.0,1.0,0.0,0.0,10
47,2,0,54000,4,54000,0,0,0,1,0.0,1.0,0.0,0.0,0.0,0.0,1.0,4
68,5,-1,78977,5,67000,2,11977,2,2,1.0,0.0,0.0,0.0,1.0,0.0,0.0,10
58,5,1,37069,2,32000,1,5069,1,0,0.0,1.0,0.0,0.0,0.0,0.0,1.0,9
27,1,0,75127,5,65000,2,10127,1,5,1.0,0.0,0.0,1.0,0.0,0.0,0.0,3
50,5,-1,53006,3,43000,2,10006,0,0,1.0,0.0,0.0,0.0,1.0,0.0,0.0,10
54,4,-1,75345,5,69000,1,6345,4,0,0.0,1.0,1.0,0.0,0.0,0.0,0.0,5
44,1,0,63622,3,48000,3,15622,1,0,0.0,1.0,0.0,1.0,0.0,0.0,0.0,3
50,1,0,46697,2,31000,3,15697,0,2,1.0,0.0,0.0,0.0,0.0,0.0,1.0,2
50,1,1,71118,5,60000,2,11118,5,0,0.0,1.0,0.0,0.0,0.0,1.0,0.0,7
62,5,-1,54000,5,54000,0,0,3,1,0.0,1.0,0.0,0.0,0.0,1.0,0.0,10
15,4,-1,60000,4,60000,0,0,1,1,0.0,1.0,1.0,0.0,0.0,0.0,0.0,9
51,3,0,66507,3,50000,3,16507,0,2,1.0,0.0,0.0,1.0,0.0,0.0,0.0,5
37,4,1,26536,1,11000,3,15536,0,0,0.0,1.0,0.0,1.0,0.0,0.0,0.0,9
36,3,0,66437,4,55000,2,11437,1,2,1.0,0.0,0.0,0.0,0.0,0.0,1.0,5
56,4,0,42927,1,27000,3,15927,0,1,1.0,0.0,1.0,0.0,0.0,0.0,0.0,5
69,5,1,56000,5,56000,0,0,0,0,0.0,1.0,0.0,0.0,0.0,1.0,0.0,10
72,4,1,51000,5,51000,0,0,1,0,0.0,1.0,0.0,0.0,1.0,0.0,0.0,9
44,5,-1,51000,4,51000,0,0,0,2,1.0,0.0,0.0,0.0,0.0,0.0,1.0,10
52,5,1,44000,4,44000,0,0,2,0,0.0,1.0,0.0,0.0,0.0,1.0,0.0,10
33,4,1,51026,3,41000,2,10026,1,2,1.0,0.0,0.0,0.0,0.0,1.0,0.0,10
58,4,1,56001,2,40000,3,16001,0,2,1.0,0.0,0.0,0.0,0.0,1.0,0.0,9
53,2,-1,47990,3,31000,3,16990,1,3,1.0,0.0,1.0,0.0,0.0,0.0,0.0,2
22,1,0,63227,5,53000,2,10227,0,2,1.0,0.0,0.0,1.0,0.0,0.0,0.0,3
43,1,0,73549,5,62000,2,11549,1,0,1.0,0.0,1.0,0.0,0.0,0.0,0.0,3
49,3,0,51000,4,51000,0,0,1,0,0.0,1.0,0.0,0.0,0.0,0.0,1.0,5
43,4,0,57176,5,52000,1,5176,1,0,1.0,0.0,0.0,0.0,1.0,0.0,0.0,7
30,4,0,76120,5,56000,4,20120,4,1,0.0,1.0,1.0,0.0,0.0,0.0,0.0,7
38,5,0,73611,5,67000,1,6611,2,0,0.0,1.0,1.0,0.0,0.0,0.0,0.0,8
63,2,-1,37280,2,27000,2,10280,0,0,1.0,0.0,0.0,0.0,1.0,0.0,0.0,7
55,1,1,72073,5,66000,1,6073,2,1,1.0,0.0,0.0,0.0,1.0,0.0,0.0,6
65,3,-1,24000,2,24000,0,0,2,0,0.0,1.0,0.0,0.0,0.0,0.0,1.0,5
60,5,1,84018,5,69000,3,15018,0,4,1.0,0.0,0.0,0.0,1.0,0.0,0.0,10
51,2,-1,56992,4,41000,3,15992,1,0,1.0,0.0,0.0,0.0,0.0,1.0,0.0,3
27,2,1,33855,1,22000,2,11855,0,1,1.0,0.0,0.0,0.0,0.0,0.0,1.0,6
47,5,1,23822,1,17000,1,6822,1,0,0.0,1.0,0.0,1.0,0.0,0.0,0.0,8
60,4,-1,37000,2,37000,0,0,2,0,0.0,1.0,0.0,1.0,0.0,0.0,0.0,9
55,1,1,56761,4,40000,3,16761,1,0,1.0,0.0,0.0,0.0,1.0,0.0,0.0,5
72,1,1,35692,1,19000,3,16692,0,1,1.0,0.0,1.0,0.0,0.0,0.0,0.0,4
61,4,-1,30694,1,14000,3,16694,0,0,1.0,0.0,0.0,0.0,0.0,0.0,1.0,5
18,3,1,17000,1,17000,0,0,0,0,0.0,1.0,0.0,0.0,0.0,0.0,1.0,7
16,1,-1,66618,4,60000,1,6618,1,1,0.0,1.0,0.0,0.0,0.0,0.0,1.0,2
24,3,-1,70000,5,70000,0,0,3,1,0.0,1.0,0.0,0.0,1.0,0.0,0.0,9
63,4,0,58000,5,58000,0,0,0,0,0.0,1.0,0.0,0.0,1.0,0.0,0.0,7
62,1,1,55049,2,39000,3,16049,1,1,1.0,0.0,0.0,0.0,0.0,1.0,0.0,5
49,1,1,62292,4,51000,2,11292,0,4,1.0,0.0,0.0,0.0,0.0,0.0,1.0,7
28,4,-1,37050,1,26000,2,11050,0,0,1.0,0.0,0.0,0.0,0.0,0.0,1.0,8
41,4,0,76400,5,60000,3,16400,5,1,0.0,1.0,0.0,1.0,0.0,0.0,0.0,7
15,1,-1,17222,1,11000,1,6222,0,1,1.0,0.0,0.0,1.0,0.0,0.0,0.0,4
36,2,-1,35133,1,29000,1,6133,0,1,1.0,0.0,0.0,0.0,1.0,0.0,0.0,5
40,5,-1,36803,2,21000,3,15803,0,0,1.0,0.0,0.0,0.0,0.0,0.0,1.0,7
44,5,1,35294,1,29000,1,6294,1,0,0.0,1.0,0.0,0.0,1.0,0.0,0.0,10
20,1,1,25000,2,25000,0,0,1,0,0.0,1.0,0.0,0.0,0.0,0.0,1.0,5
72,4,0,33000,2,33000,0,0,2,0,0.0,1.0,0.0,0.0,0.0,1.0,0.0,6
55,3,-1,35735,1,19000,3,16735,0,1,1.0,0.0,1.0,0.0,0.0,0.0,0.0,6
30,4,1,85499,5,65000,4,20499,0,1,0.0,1.0,0.0,0.0,0.0,1.0,0.0,10
42,5,-1,49384,2,39000,2,10384,2,0,0.0,1.0,0.0,0.0,1.0,0.0,0.0,8
55,1,-1,56117,3,50000,1,6117,0,2,1.0,0.0,1.0,0.0,0.0,0.0,0.0,6
31,2,-1,44648,3,34000,2,10648,0,1,1.0,0.0,0.0,0.0,0.0,0.0,1.0,2
61,3,1,80662,5,64000,3,16662,0,3,1.0,0.0,0.0,0.0,0.0,1.0,0.0,10
58,1,1,38000,3,38000,0,0,1,1,0.0,1.0,0.0,0.0,0.0,1.0,0.0,6
69,4,0,63156,4,57000,1,6156,0,0,0.0,1.0,0.0,0.0,1.0,0.0,0.0,7
38,1,1,57695,4,46000,2,11695,2,2,1.0,0.0,0.0,0.0,0.0,1.0,0.0,6
24,2,-1,44198,2,28000,3,16198,0,1,1.0,0.0,0.0,0.0,0.0,0.0,1.0,6
72,2,1,38000,2,38000,0,0,0,0,0.0,1.0,0.0,0.0,0.0,0.0,1.0,7
57,5,-1,61533,4,50000,2,11533,1,0,0.0,1.0,0.0,0.0,1.0,0.0,0.0,10
28,3,1,38064,3,32000,1,6064,1,0,0.0,1.0,1.0,0.0,0.0,0.0,0.0,8
68,2,1,50000,3,50000,0,0,0,1,0.0,1.0,0.0,0.0,1.0,0.0,0.0,7
40,1,0,82455,5,67000,3,15455,1,1,0.0,1.0,0.0,0.0,0.0,0.0,1.0,4
48,4,1,57434,4,41000,3,16434,1,4,1.0,0.0,1.0,0.0,0.0,0.0,0.0,9
34,2,0,40733,2,25000,3,15733,0,0,1.0,0.0,0.0,1.0,0.0,0.0,0.0,3
71,2,-1,54478,3,38000,3,16478,1,3,1.0,0.0,0.0,0.0,0.0,1.0,0.0,4
28,2,0,75217,5,65000,2,10217,1,2,1.0,0.0,0.0,1.0,0.0,0.0,0.0,5
55,5,1,73547,4,57000,3,16547,0,2,1.0,0.0,0.0,0.0,0.0,1.0,0.0,10
68,5,0,57578,5,52000,1,5578,3,1,0.0,1.0,1.0,0.0,0.0,0.0,0.0,8
51,1,1,49834,3,44000,1,5834,3,0,0.0,1.0,0.0,0.0,1.0,0.0,0.0,6
46,4,0,70109,5,55000,3,15109,2,1,1.0,0.0,1.0,0.0,0.0,0.0,0.0,7
21,1,1,71082,5,65000,1,6082,1,0,0.0,1.0,0.0,0.0,0.0,0.0,1.0,6
54,1,-1,39000,2,39000,0,0,0,0,0.0,1.0,0.0,0.0,0.0,0.0,1.0,3
56,1,1,68934,4,58000,2,10934,3,1,0.0,1.0,0.0,0.0,1.0,0.0,0.0,6
29,1,1,55472,3,44000,2,11472,1,1,0.0,1.0,0.0,0.0,0.0,1.0,0.0,6
54,3,-1,66000,5,66000,0,0,4,1,0.0,1.0,0.0,0.0,0.0,0.0,1.0,5
50,4,-1,63626,5,53000,2,10626,1,1,1.0,0.0,0.0,0.0,0.0,0.0,1.0,9
55,3,-1,49000,4,49000,0,0,2,0,0.0,1.0,0.0,1.0,0.0,0.0,0.0,4
39,3,0,67005,4,51000,3,16005,2,1,0.0,1.0,1.0,0.0,0.0,0.0,0.0,5
19,1,0,60937,4,54000,1,6937,1,3,1.0,0.0,1.0,0.0,0.0,0.0,0.0,3
36,2,1,24044,1,13000,2,11044,1,0,0.0,1.0,0.0,0.0,1.0,0.0,0.0,6
52,5,0,36966,2,26000,2,10966,1,2,1.0,0.0,0.0,0.0,1.0,0.0,0.0,7
53,5,1,76570,4,60000,3,16570,0,0,0.0,1.0,0.0,0.0,0.0,0.0,1.0,10
34,1,-1,36770,2,31000,1,5770,0,2,1.0,0.0,1.0,0.0,0.0,0.0,0.0,4
25,5,0,72563,5,62000,2,10563,2,5,1.0,0.0,0.0,0.0,0.0,1.0,0.0,8
17,3,-1,37000,3,37000,0,0,3,0,0.0,1.0,1.0,0.0,0.0,0.0,0.0,8
70,3,1,17000,1,17000,0,0,0,0,0.0,1.0,0.0,0.0,0.0,1.0,0.0,7
55,3,0,36000,3,36000,0,0,1,1,0.0,1.0,0.0,1.0,0.0,0.0,0.0,5
53,5,0,45000,4,45000,0,0,4,1,0.0,1.0,0.0,0.0,0.0,0.0,1.0,7
53,4,0,24000,1,24000,0,0,1,0,0.0,1.0,0.0,0.0,0.0,0.0,1.0,5
60,4,-1,27000,1,27000,0,0,1,0,0.0,1.0,0.0,0.0,0.0,0.0,1.0,4
69,3,-1,45320,1,30000,3,15320,0,1,1.0,0.0,1.0,0.0,0.0,0.0,0.0,6
44,1,0,55586,4,44000,2,11586,1,3,1.0,0.0,1.0,0.0,0.0,0.0,0.0,3
29,5,0,53623,2,37000,3,16623,2,0,0.0,1.0,0.0,0.0,0.0,0.0,1.0,7
41,3,0,37212,2,32000,1,5212,0,2,1.0,0.0,0.0,1.0,0.0,0.0,0.0,4
51,2,1,68024,4,53000,3,15024,0,4,1.0,0.0,1.0,0.0,0.0,0.0,0.0,7
70,1,1,73027,5,63000,2,10027,1,3,1.0,0.0,1.0,0.0,0.0,0.0,0.0,6
31,3,1,68857,5,58000,2,10857,0,2,1.0,0.0,0.0,0.0,0.0,0.0,1.0,9
48,3,1,58000,5,58000,0,0,5,0,0.0,1.0,1.0,0.0,0.0,0.0,0.0,9
61,1,1,39000,3,39000,0,0,0,0,0.0,1.0,0.0,1.0,0.0,0.0,0.0,6
66,3,1,55367,4,40000,3,15367,1,1,1.0,0.0,0.0,0.0,1.0,0.0,0.0,7
59,1,1,37898,2,21000,3,16898,0,0,1.0,0.0,0.0,0.0,0.0,0.0,1.0,4
62,2,0,48134,4,42000,1,6134,3,1,0.0,1.0,0.0,0.0,0.0,1.0,0.0,4
40,2,-1,76475,5,70000,1,6475,2,2,1.0,0.0,0.0,0.0,0.0,1.0,0.0,7
41,5,-1,55065,4,50000,1,5065,0,3,1.0,0.0,0.0,0.0,0.0,0.0,1.0,10
32,1,-1,67195,4,51000,3,16195,3,0,0.0,1.0,0.0,0.0,0.0,1.0,0.0,4
56,5,0,31154,1,15000,3,16154,0,0,1.0,0.0,0.0,0.0,0.0,0.0,1.0,6
28,2,0,42909,3,31000,2,11909,2,1,0.0,1.0,0.0,0.0,1.0,0.0,0.0,3
37,3,1,57990,4,52000,1,5990,3,0,0.0,1.0,0.0,0.0,1.0,0.0,0.0,9
64,2,1,32000,3,32000,0,0,3,1,0.0,1.0,0.0,0.0,0.0,0.0,1.0,5
61,1,-1,63410,5,53000,2,10410,3,1,0.0,1.0,0.0,0.0,0.0,0.0,1.0,4
21,5,1,27344,1,21000,1,6344,0,1,1.0,0.0,0.0,0.0,0.0,0.0,1.0,10
22,5,-1,41312,2,31000,2,10312,1,0,0.0,1.0,0.0,0.0,1.0,0.0,0.0,10
24,3,0,39425,1,29000,2,10425,0,0,0.0,1.0,0.0,0.0,0.0,1.0,0.0,4
60,4,-1,64805,5,54000,2,10805,2,4,1.0,0.0,0.0,0.0,0.0,0.0,1.0,8
50,1,-1,36114,2,21000,3,15114,1,2,1.0,0.0,0.0,0.0,1.0,0.0,0.0,5
68,3,1,58980,3,48000,2,10980,1,2,1.0,0.0,0.0,0.0,0.0,1.0,0.0,8
57,2,-1,70460,5,54000,3,16460,2,4,1.0,0.0,0.0,1.0,0.0,0.0,0.0,4
51,3,1,63000,5,63000,0,0,2,0,0.0,1.0,0.0,1.0,0.0,0.0,0.0,10
